rowNumber,001236,Kansas1324,Expires1091,001298,001068,991062,001267,file_name,2701270,Listings1232,Description1191,Send0933,Citori1239,Copyright1423,0003,set1328,Kansas1294,Boots1331,Reduced1301,Kansas1264
0,jD 936D and stud king 38,"17,500","1,460",JD Crop Dividers,Hays,"3,700",Silage packing tractor,023E168CF5EB531396290A2890F2D124C4D45BD4568741D17E0CEACDD12D9E8A.html,Colby,"33,500",,nlstaab21,Coats,2015,JD 38 Silage Cutter,JD 853A 1986 ROW CROP HEAD.,100,Assari,Beloit,100.00 per set
0,1986 Honda 450 nighthawk,"3,500",409,2003 Honda CRF 450 R MUST SELL!,Larned,"2,750",(PRICE REDUCED) HONDA TRX 450 2007,0324F87CE344D72335B4A6BCB6963C4AC608365A8F91EF456CD8B9D4A549CE52.html,Hoisington,"1,000",,KRS2010,Ellis,2015,Honda 450 R - NO TRADES!,450 Honda 2004,"1,800",Collyer,Stockton,0.00
0,3 Bedroom 2 Bath Ranch Home - Stockton,"130,000","4,041","Real nice home on 3 acres in Ellis, KS",1908 Maple   Ellis,"235,900","FOR SALE: 3 bedroom/3 bath home - Norton, Kansas",08AEBE944BFD50C4E697513976C5A82BC1A65CD51BB65A9BD2F2030F7495AE44.html,Norton,"130,000","Home has four bedrooms three baths, 2 car garage, breakfast nook, as well as a formal dining room. Nice family room with bar in the basement. 1655 square-foot on the main level and another 1655 square-foot in the basement. Other extras include a large master bedroom with a master bath that includes two sinks, toilet, shower, and a large Jacuzzi tub. 2 fireplaces with granite bases, a deck and large walk out basement patio, stove, refrigerator, dishwasher, two washers and two dryers. Underground sprinklers, water softener with reverse osmosis system, a Rinnai water heater",AllenWeber,Stockton,2015,Very nice 4 bedroom 3 bath home for sale in Ellis,4 Bedroom  2 1/2 Bath House,"130,000",Quinter,Ellis,0.00
0,Toyota 3RZ-FE rebuildable engine (1996 Tacoma 4X4),100,620,"BFG Mud Terrain Tires 33 x 10.50 x 15 on Toyota or Chevy 6 ",Dorrance   Russell,250,CHEVY V8 350 BUILT CAMMED ENGINE CRATE MOTOR HOT ROD,0A099F2B26074D58022E4623926540D81532FA1AB15E477A3AA5756D5FCFD358.html,Hays,300,,SrpntHn,Salin,2015,Toyota 22R 22RE 2.4 Engine. Motor. Longblock.,Engine-motor stand,175,Hays,Russell,"3,000.00 each"
0,led headlight conversion,180,"6,294",led light bars,13   Great Bend,1,LED Light Bars BetterBuilt,0BFDB733F21D213BAADB89E6B2B17D1E9A7D4947A49BA8D05F3F8608C7F71F8E.html,Grainfield,0,"LED light bars in many sizes also custom mounts dont buy the cheap bars  20in Led spot/flood combo bars start at $125  big savings over other sellers! many other sizes too  they are cree led, beware of cheap imitations, others claim the best but fall short!  Also have curved light bars, single row bars, pods, home led lighting and much more",NicR,Radium,2015,Led Light Bars and led headlight conversion,52 Straight LED Light Bar,50,Victori,Hays,80.00
0,Sbc weiland intake,20,18,SBC Heads,WaKeeney,150,aluminium 2 barrel SBC intake and car,0CB88FAADA4D2AE45B0AB77DFED2F2FB8FD1D2C40EE1617869CE8849859CA405.html,Belleville,70,,jpreinert2585,Grainfield,2015,SBC Intake,Small block Chevy intake,50,Hays,Ellis,50.00
0,Earrings,7,69,14k White Gold Pearl  Diamond Earring!!,Great Bend,4,Never Worn Dream Catcher Earrings,0D1D6353603647921CAE772061E1B6FFD3B1C0DFC36938F29B63A8D079B5D976.html,Hays,3,,dmhejny,Grainfield,2015,BLING Earrings,Necklaces and earrings,150,Hays,Ness City,8.00
0,Murray Outrage Go Kart,"34,500",53,"Motorized wheelbarrow, go kart",Dodge City,300,Race Go Kart,0FA6519AB9212E9A8B9E366DA35ACED9B60E2C4CE7E66B64DD738C564F3CCB59.html,Belleville,450,"196cc Baja Go-Kart purchased new 8 years ago for $600.00. It has been used by all four of my children, but now it is time for Mom and I to get something bigger that we can ride. The go-kart is in good working order with a new centrifugal clutch. It has the on/off switch on the steering wheel instead of the engine. When I moved the switch it disconnected the lights but they didnt work because the kids broke them, but everything else is good. Cash only. text me for more information or if interested.",bflax65,Jetmore,2015,BAJA Go-Kart,Baja 275 boss,"1,700",Garden City,"Kearney, Nebraska                 $34,500.00   Baja 275 boss   Garden City",400.00 each
0,Bucket Truck,"2,500",639,Garden Bucket Caddy Apron,Fowler,500,Skidsteer Attachments,1447046BBFBC0E7CFCE2B6EA60A14B8155E5016D83812B7E723B69A7DF6066D6.html,Plainville,"5,800",Bucket truck attachment to go on truck frame. The unit is ran off of PTO on the truck and is hydraulic and cable driven. Has controls at base and up in bucket. Will go 35 high. Would be very handy if you had a truck to mount it on.  Truck in picture is also for sale.  $500 or best offer  Call or text 620-255-6097,timmymilford,Syracuse,2015,Bucket Truck Attachment,Skidsteer bucket with Grapple,10,Oakley,Hays,0.00
0,46 Flat Screen TV,150,43,Very Nice 53 Pioneer split screen TV BEST CASH OFFER,Hays,50,50 inch Element Flat screen TV,1EB0CEE627D74230C99ACEB8AF72161B9CB9C32B4F7851673AF523B0DF165493.html,Hays,475,,WeyDav,Colby,2015,55 Akai flat screen TV,32 Toshiba Flat Screen LCD 720HD TV Like new Used 1 month,300,Solomon,Hays,250.00
0,Movies on DVD,1,14,Movies on DVD,Osborne,2,Movies on DVD,2154DE13A5E871B77B9517FE267713E5926C3CA3D3D96B0643AE38B69983FCDF.html,Hays,3,,russjessbenn,Hays,2015,Movies,Lithographs/advertising/Movie/Rockwell  More,1,Hays,Hays,2.00 each
0,Anhydrous Bar,60,217,Propane tanks,Downs,"1,500",Small tank,22993886A16367A80C621F629ED6682E24A8F1026D8EFA3D31E0499E50385204.html,Great Bend,"2,000",Ammonia Anhydrous tank. $1300.00 negotiable   (785)477-4084,Chace_Weis,Pratt,2015,Ammonia Anhydrous Tank,Water tank,200,Hays,Russell,4.00
0,Meeks Tree Service/Stump grinding/bucket truck,400,193,"Tree Stump Grinding - Goodland, Burlington, St. Francis",not responsible for lost items that are requested to be shipped   Hays,0,Tree trimming  removal,23C24B4ABBF56C427C4C5B61B7A9544A99D9E95DA1D86793028422876A845EA4.html,Jennings,0,my husband and I are both disabled and we are working through LINK to get a tree stump and the cement at the base of our steps in our back yard replaced we need 3 bids to do this.,malind,Great Bend,2015,ISO someone to do cement work and remove a tree stum,ISO someone to take over lease ASAP,8,Hays,Goodland,8.00
0,90 Oldsmobile 88 Royale,"2,500",696,1999 Oldsmobile 88,Oberlin,"1,200",1959 OLDSMOBILE SUPER 88 COUPE HEADLIGHT BEZELS OEM RARE 5,299A26AD502AF811170DE21F129E26F6E0777EE0D9758198425A5307FBA8EB5C.html,"Saint Peters, Missouri                 $5,000.00   1999 Oldsmobile 88   Macksville",500,For sale - 1963 Oldsmobile Dynamic 88. All original down to the hubcaps. Need restoration. For more information call 785-470-1161- may have to leave a message but I will get back to you.,captnsuprise,Tescott,2015,For Sale 1963 Oldsmobile Dynamic 88,1963 AMC Rambler 220,"5,000",Dodge City,Macksville,300.00
0,2008 Pontiac G5,"9,595",414,2007 Pontiac Torrent FWD,1900 10th st   Great Bend,"4,999",2002 Pontiac Grand Prix 4dr,2C02C1EC705998566CE552CBE3570250D7522F5719ABB2BF77F7B2A7DACC5BDA.html,Great Bend,"4,700",,Xtreme Autos (lovethelake),Great Bend,2015,07 Pontiac Torrent,2008 PONTIAC TORRENT GXP,"8,995",Plainville,Hays,"2,399.00"
0,Keith Urban 4s iPhone custom designed cover,100,41,LCD AND TOUCH SCREEN DIGITIZER FOR IPHONE 4S,160 Morse Drive   Phillipsburg,90,iPhone 4s and cases Nex-tech,2E3E241D25D1FF8CA8DBE97E6EBFB041D76DD6F0E8B766FB39F61F542159712A.html,Grainfield,20,"4s iPhone with charger, ear buds and 4s cover. Great as a first phone for a young person.",jkennis,Phillipsburg,2015,4s iPhone,iPhone 3GS 16gb Unlocked,25,Ellis,Russell,150.00
0,Vintage bit~New number,30,29,Vintage 25lb Pocket Balance Scale Made In Germany,Great Bend,10,Vintage J Chein Dime Register at $10 Tin Litho Coin Bank,300BE6BE402E95A0F9279F1B68E84FA8E4355F59794E125E5977D1AA9B561C2C.html,Sharon Springs,20,Not sure what brand it says Made in USA and a long patent number  Call text or email,sswiff,Goodland,2015,Vintage Razor,Alltel Motorola Razor V3M,10,Tipton,Sharon Springs,10.00
0,BOYS 4T CLOTHES,20,7,BOYS SIZE 8 CLOTHES,Norton,,9 Month boy clothing lot,338A111BDBB6A0EA66923F3399057902FB9D972F7A8DE20B607AB00A394E863B.html,Hays,15,,lmhenderson1231,Hays,2015,Boys clothes,BOYS 3T CLOTHES,20,Hays,Hays,10.00
0,Fresh Horned Calves,0,"1,878",3 year old cows,Gypsum,775,3 year old bred cows for sale,3556DFF6B9244FF91ECEFE408303185512232E2F412CFAB081C8B48865D1EC8F.html,Zurich,"1,000",,Dustin Buchanan Livestock (dustinb63),Burr Oak,2015,3 weight calves,Spring calving cows for stocks or winter grazing,"2,450",Gypsum,Colby,"3,000.00 each"
0,Blue Zebra Prom Dress,75,493,Royal Blue Prom Dress,Hays,175,Blue formal or prom dress,39F8E3D0AA44AEC8A15456B5CF16F01E25C5C795585C25F43F05655CBA4A9EAD.html,Ness City,75,"Blue and purple jeweled full length prom dress. $500 new. Worn twice, has been cleaned and is ready to wear. Size 8-10",cjwinter,Smith Center,2015,Blue and purple strapless prom dress,Prom Dress- Light Blue,125,Waldo,Victori,40.00
0,M. YAUCH TEN COMMANDMENTS (German version),400,66,Australia Ten Shillings,Salin,60,Mark ten cartridges,3DA672766B855E954CF810DA011F3A3DA6FF2276068E2C39DEA1AC988906DC24.html,Great Bend,30,,baddestbtch,Hays,2015,Ten comandments 1883c,antique ten gauge,65,Larned,Hays,15.00
0,15 Stainless Steel Pipe Shelf/Pot Rack,200,103,***Heavy Stainless Steel Chain  Bracelet***,Victori,15,"EMDEKO 3-ply 18-8, stainless steel small frying pan with lid",3E0A46D11E5638C7A1AA774ACAE63D771476EC3D7AF20B7A276A30687EDAE33B.html,Plainville,0,Have this nice Stainless Steel Heavy. Its 8qt would be good for canning or soup pot.,POJO,"Arriba, Colorado                 $20.00   EMDEKO 3-ply 18-8, stainless steel small frying pan with lid   Plainville",2015,Stock Pot/Stainless Steel Pan 8Qt,Luverne stainless steel bull bar,150,Great Bend,Hays,20.00
0,Bass guitar,8,201,Guitar/Bass/Music Lessons!,Salin,75,Bass guitar,488A033BE79F177610E14EF4F7F70CC34BD2121C9A3F229374FDD3434C6298D4.html,Great Bend,150,"Selling a Rogue 4 string elec. bass. Nothing wrong with it, just dont have the time or interest for a bass. Solid, straight neck, few light scratches and such from play, holds a tune though the strings on it currently are pretty aged. Asking $100, will consider all possible offers.  Call or text 785-215-4933 with any questions or offers.",messiahbolical,Salin,2015,Rogue electric bass,top water bass lures,10,Ellis,Hays,80.00
0,John Deere GX255,750,140,John Deere X320,3160 US Hwy 24   Ellsworth,"3,250",John Deere X300,49025DD2A3EF94AC5F1A1D8DC96086900555175D6733F07C8133C4EB31A83E4E.html,Ellsworth,"2,995","2012 John Deere X310 with 42 Deck and bagger, Power Steering, Power Deck Lift, Hydro Transmission, 18.5 HP Kawasaki Engine, 100 Hrs, still has Factory Warranty until June 2016  Call Dan with any Questions at 785-569-7134  FALL SPECIAL:  Mention you saw this ad on Nextech and get a 10% Discount!",Carrico Implement (EllsworthCarrico),Ellsworth,2015,John Deere X310,John Deere 175 Hydro Mower,"3,500",Hill City,Ellsworth,"2,250.00"
0,camp stove propane type,135,27,WEDGEWOOD VISION RV STOVE FOR CAMPING TRAILER,1702 Yocemento Ave.   Hays,25,Camp stove and Heater - Propane,4A9C8FADB54A3C9566B9F9D9EB00468A9513D980A20185B207071CF8B510B839.html,Colby,20,,aschneid,Great Bend,2015,Camping Stove,Wilderness Skills Camp 2015,395,Randolph,WaKeeney,50.00
0,Samsung Galaxy Note 2 Cases,200,186,Broken Samsung galaxy s4,Radium,10,Samsung Galaxy S4,4F71836C9613746C69A90B63878FC52AEA998234F628E7EFC046EC0C48B9AB37.html,Larned,20,,Gray75,Kensington,2015,Samsung Galaxy S4 Active case,White Samsung Galaxy S4 16g,100,Plainville,Russell,200.00
0,Appliances,15,111,Appliance Repair,510 north front street   Russell,0,Appliance dollie,52E659B3ADABDE6CA03BC672DE6C269F3CC87CC212B8F5985FD3B90DD92D82D0.html,Great Bend,0,"May tag upright freezer. May tag dryer. Whirlpool front loader. Admiral refrigerator side by side. Will be selling at Twisted Sister Estate Sale. Estate of Lois and Kent Lapham. Wed. Sept 30. 9am-6pm and Sat Oct. 3 8am-3pm. 510 front street. Russell, Kansas. For more items selling check us out under estate sales. Not an auction. Everything will be priced and ready to sell by wed. Morning. For more information or flyer contact Linda twistedsistersest@gmail.com",TWISTED SISTER ESTATE SALEs (Linda1),Natom,2015,Appliances,2 11foot appliance straps,15,Belleville,Hays,15.00
0,2013 Yamaha Grizzly 550 EPS ATV,"6,484",154,2012 Yamaha Grizzly 700 EPS 4x4,Pratt,"3,600",2009 Yamaha Grizzly 450 4x4 ATV,566DA3DEA1A4C4F6A91541631146F0F73419C5F34C87792D2EB4FCC4B92DB88D.html,,"5,998","***NEW TIRES*** Hunter Camo. Electric start. Push button select: 2WD, 4WD, or diff lock. Independent suspension. Digital instrument display. Plastic and seat in great shape. Very clean. 11,647 miles. Very recent top end overhaul. Very well maintained.",SJPratt,,2015,2012 Yamaha Grizzly 550 ATV 4x4,2013 Yamaha Grizzly 700 EPS ATV,"6,773",,,"3,257.00"
0,Small saddle,0,45,Goats/Kid,Great Bend,250,NRS Competitor Series saddle,596BEBF866FE6C0C697CCA5C51B268F2158E4A96ABB7D7C5FBC6EB67EC1C7721.html,"Broken Bow, Nebraska                 $175.00   Goats/Kid   Natom",145,,joejoe1023,Hays,2015,Kids saddle,Kid Toys,175,Hays,Natom,"1,500.00"
0,COACH PURSE,10,46,Size 6 shoes set of 3!,p o box 185   Hays,5,Small purse,5FB6AA7B7D2B26E542543D0F64B840FE627A3DDA44E3F41A465CD9CD559B12BE.html,Hays,100,Bought this in Colorado Springs/ never used it   pick up in Hays only txt Rachel at 785-259-5011 thank u!,Rtrendel,Hays,2015,Gate Belt,Adidas bookbag,6,Hays,Hays,0.00
0,Cool Retro School Desk,40,189,ANTIQUE SCHOOL DESK  CHAIR,Great Bend,35,Antique school desk,5FB915ED6AD335B5DBD2522857536F3870B2E4A4AA0E030948EC55282E0CC7A8.html,Zurich,25,this is wood and wrought iron very nice and old,dmhejny,Bazine,2015,antique school desk,Antique School desk,30,Luray,Hays,25.00
0,1975 Honda XL 250,"20,500",56,200es Honda big red engine,Great Bend,700,Honda motor,602374E6E6FA54A119939155C496278F380D26D02CBB71F009F6C2E9DF4D530B.html,Ingalls,"1,400",Honda 250 xtr for sell need to pay bills make me a offer text me me or call 6206392379,Bigdaddy2210,Concordi,2015,Honda xtr 250,2005 F-250 Powerstroke,0,Oberlin,Victori,0.00
0,VERIZON WIRELESS CELL PHONE,60,22,iPhone 5C,111 E Kansas   McPherson,,I-Style cover for i phone 5,60B7CE605E0BFDE7B4E3048A4702BE6682EB5C6D03E599456FFB5E3DA0741DD4.html,Great Bend,50,"For sale, a Like new I Phone 5c blue in color. 16gb comes with a charge cord. No scratches or dents",Waded27,Victori,2015,Verizon I phone 5c,I phones,180,Goodland,Hays,4.00 each
0,Mr Pickup Rear Chrome bumper,225,305,Chrome semi truck tag mount,Great Bend,20,09-14 1500 CHROME REAR STEP BUMPER DODGE Ram pickup TRUCK,657452C7EF3C7BD23A040BE558A54F11921C8D64F8D17F00C6B78970C407369B.html,"Saint Peters, Missouri                 $50.00 each   Chrome semi truck tag mount   Great Bend",150,"Two chrome bedrails for a truck. Some scratches and rust but in overall good condition. One is missing the mounting bracket one the end but could easily be replaced or installed without it.  Call for questions or to see. Thank you. They are 72"" long for most standard size truckbeds.",ESPChevy,Newton,2015,chrome bedrails for pickup truck,Painted and Chrome roll bar,50,Smith Center,Great Bend,350.00 each
0,Infrared Heater,10,165,Char-Broil TRU Infrared Urban Gas Grill w/ one tank,Great Bend,600,NEW AVON LAMP INFRARED,711CF92074A371CAA5BAA0A82186C898006635B39CA17CE67FB89A1D757F40FF.html,Ellsworth,150,"Infrared Sauna by Heat Wave! It looks like a space ship but its really your own personal sauna, just plug it in the wall and go!  Seats 2 comfortably, 3 would probably be a little to close for comfort.  Plugs right into the wall and wont eat up the electric bill!  Comes with everything shown.  You pick up!  No Paypal  Cash only",Macdaniel,Hays,2015,Infrared Saun,1949 Colorado tag,120,Hays,Victori,5.00
0,Springfield XDS Essential,,"2,127",(4) 14 x 5 1/2 Mopar Dodge / Plymouth Rally Wheels,Wilson,450,S-10 4 X 4 Wheels,7329FFFEFCAD9662697A6EB92FEE62DDA0B738D1A5DB1605B2B4C9ACF545945A.html,Salin,549,"Springfield Armory 4-14 X 56 Generation 2  56mm objective lens and a 30mm tube  Fine Duplex Reticle internal level  Condition is excellent, with small ring marks, optics are as new.   Original box  Government Model scope range finding capabilities out to 1000 yards  Rings not included     I have owned scope since 2008 I have decided to go back to 40 mm objective optics to lower the profile of the weapon. I used the scope on a .243.",the_83_truck,Hill City,2015,Springfield 4-14 x 56mm objective Gen 2,Springfield XDM 9mm SS,100,Hays,Olmitz,50.00 per set
0,old porcelain bathroom sink,125,104,BATHROOM SINK,Beloit,10,Bathroom Sink,77F84EFF3B839FA34DD0FCCE908A4AE8BD0F78B62274D15D5C837BC2BCCCE93A.html,Colby,20,I dont see any cracks. Faucet included. Removed during bathroom remodel. Contact me through classifieds for more information. You haul.,gstaten,Stockton,2015,Bathroom Vanity Sink 25W X 22Dee,Oak bathroom vanity,20,Sterling,Ellsworth,25.00
0,1956 Buick Special,,239,1956 Chevy 4 door,Ellsworth,"6,800",Reduced - 1950 Buick Special - NICE CAR!,80EB5023CBAF4B825861113BC22A60B2A0D60BBEDD5886B3D012376255825B18.html,Edmond,"4,000","We have a 1956 Buick Special, 4 door. Motor recently overhauled. New radiator. Runs Good. Body in good condition. Message me for more pictures.",jbeckman,Jetmore,2015,1956 Buick Special *price drop*,**** GUN SAFES **** 12 gun special pricing,"1,500",Colby,Kalvest,"7,800.00"
0,2009 Dodge Ram 2500,"3,700",186,2009 Harley Davidson Ultr,213 horace greeley ave apt 105   Norton,"11,000",2009 30 Belshe Trailer,823EB71B30923D447E3762FEE12F39422002002A2E365B321416FE3FF69DA80B.html,Manhattan,"23,500","2009 HD Soft Tail for sale. Has crash bars, sissy bar, wind deflectors and python exhaust. In excellant condition, new tire on reat and good tire on front. Rides great.",dnorman28,Dodge City,2015,2009 FLSTC for sale,2009 YAMAHA WR250R,"16,000",Ellis,Minneapolis,"12,500.00 each"
0,EBONITE BOWLING BALL  CASE,20,60,5th WHEEL BALL / GOOSENECK,Hays,5,HITCH PINS and BALLS,86A0DACF23C9307ED2C239352318D47CB6078C61B7A7C6E3EFC63898F0F146E0.html,Sylvan Grove,25,"Large Fitness Ball, in great condition. Dont have room for it anymore so needs gone asap.  Would need picked up in Hays, asking $5 for it. Please message if interested, thank you.",DMR,Downs,2015,Large Fitness Ball,Gates hydraulic hose and fittings,395,Larned,Beloit,0.00
0,2008 Honda Shadow Spirit 750 C2,"1,400",228,Honda NX250,900 E 23RD   Hutchinson,"7,500",2008 Honda CRF 450R,8990D372EA7188DF562EBEC67E3006198A8756E4D94711624943142CDA4AE4A8.html,"Danbury, Nebraska                 $1,100.00   Honda NX250   Macksville","4,200","CLEAN TITLE AND MOTORCYCLE, GOOD CONDITION WITH 10,143 MILES",Heartland Credit Union (HCU2015),Abilene,2015,2008 HONDA CBR1000RR8,1975 Honda XL 250,"1,100",Concordi,Macksville,"4,500.00"
0,Original Anime Water Color Art,650,685,Custom Metal Art REDUCED,Russell,650,Metal Sculpture Yard Art,8A5509B97D4D48F4CB5BE7E1E0E43EA893EBE4E59772126A72433FC4C1D185C4.html,Great Bend,5,"Eagle chair .......650.00 Butterfly chair......650.00 Dragonfly chair....650.00. Call 786-658-5207 These are made locally do not message please, mention you seen these on Nextech classifieds. These are in Dorrance Ks. Thanks",Johnson2010,Hays,2015,Metal Art Animal chairs,Metal Art mail boxes,35,Russell,Ellsworth,0.00 each
0,Kerosene Heater,25,212,Vintage heater,Natom,155,Dyna pro glo heater,8A952383A38230C24E1F1FD37D7C1506A34916D7F23DAA9EA33CBCD0A24CF279.html,Ellis,50,"Like New used once Dyna Glo Kerosene 75,000 BTU HR Heater with 2 - 5 Gallon Cans of Kerosene w/ electric forced air  was $185.oo now $155.oo can b seen @ This and That Plainville",flyEAGLE,Larned,2015,Dyna Glo Heater,"KEROSENE HEATER 10,500 BTU Garage/Worksho",0,Dorrance,Oberlin,150.00
0,Aeropostale shirt,5,48,Boys shirts,Grainfield,10,Aeropostale,8A9FDB87D85C8D06939FEEF9726ADEB416E4E21A8E90B75C4A801D4ED2905C8C.html,Hays,8,,Hayleyjo2016,Hays,2015,Aeropostale Shirt,Womens shirt,5,Wilson,Hays,25.00
0,XDS 45 ACP,80,205,Colt Gpvernment model 45 ac,Abilene,25,Sig Sauer P227 Elite .45 ACP,8BD4A999B30686B07559D791E9AFB65064C5F48A4B23D3702D9F40891889D89B.html,Hays,500,,Jhoward394,Oberlin,2015,2 boxes 45 LC 1box of .45 Ac,2 Older box of Western Super X 32 Winchester Special,826,Miltonvale,Andale,"1,350.00"
0,Electric Scooter,995,90,TRIKKE SCOOTER,Miltonvale,250,Fuzion scooter,8C9BB43E79F717AD05094D7B1C98D9AC6B59EFCBD1B6002EA7C3559ABA86E73D.html,Luray,200,"Up for sale is a Zike brand Eliptical scooter. This scooter has no seat, instead to operate the scooter are 2 pedals that use the same movement and feel of an Eliptical exercise machine. Get the benefit of low impact Eliptical exercise without having to remain cooped up inside the gym. Scooter is brand new in box, never used. Message me with any questions or offers. Thanks for viewing.",shawn65930,Quinter,2015,Zike Eliptical Scooter,Pride Scooter,100,Salin,Tribune,20.00
0,Insulated Coveralls,250,12,carhartt insulated coveralls,Russell,150,Coveralls,8ED66F6170061F4387C6CCCFAE4EBB5E5D59E6CAA807CD9580EABFDA4419B341.html,Great Bend,25,,Babygirl83,Grinnell,2015,insulated coveralls fr 2xl,New Carhartt Fire Retardent Coveralls,0,Plainville,Schoenchen,0.00
0,wall mirror,20,191,Antique Wooden Framed Rectangular Wall Mirror,Hays,45,Fancy Oak display Case For Wall Hanging Or Standing,92C603AA469241280286FBE528578AA76A30FDD6FB1788C713143F28DCAD9CB7.html,Beloit,15,Wall mirror.looks reallly good on a wall,ford150,Morland,2015,fancy wall mirror,Fancy knife,40,Hays,Lebanon,35.00
0,2013 Chevrolet Camaro SS,0,"6,014",2002 camaro,Norton,"11,000",Camaro SS programer REDUCED!!!,938BE7C8642BBC3438A65A6BD165AF1494CEC24603C3CE094EC84CFE51D8BF37.html,Goodland,"28,989",,foxracer06,Dodge City,2015,2002 Camaro SS,1995 Chevy Z28 Camaro SS Clone,"4,700",Brewster,Liebenthal,150.00
0,Cherokee Scrubs,2,94,FHSU Nursing scrubs,Colby,5,Small bottom scrubs 5.00,9BF3DE1F878FB389BD8FE3FAF66B31B10B706079AC710C1580EBA878D6772D9D.html,Hays,40,Have scrubs for sale... $5 a set or $2 for just a top or bottom...most are size small have a few that are medium... text or call 785-269-7510 if  interested,tshaw,Hays,2015,Scrubs,Medium scrub tops,20,Hill City,Russell,5.00
0,Ceramic Rooster Pitcher,10,60,PRICE REDUCED - California Raisins Ceramic Figures,401 Elm   Liebenthal,4,glass christmas platter,9D5BF74CEF7438719E7D912B613ECC6F0CE5373A5C6AEC0B7D109195F62755D7.html,Ellsworth,3,No chips. Please e-mail here if interested. Measures 10x10.,Nicky,Liebenthal,2015,Ceramic Christmas Platter,Ceramic Praying Hands,8,Hays,Hays,6.00
0,NEW QUICK-ATTACH 4FT SKID STEER LOADER TRENCHER,"2,200","2,783",NEW DWN Skid steer wire unroller,Hoxie,"8,350",New 27x10.50-15 Skid Steer Tire(2),A0D7CFB8A494CBD8464B4CCFDBEFC9C3824629576E44106E414E7D9D9C1E1FB3.html,Beloit,"5,695","This is a brand new Bainter Boom Trencher. Manufactured right here in the USA in Hoxie, Kansas and has a cutting depth of 3 foot 6 inches. We also have two other sizes as well. With an extension kit this trencher can be made to trench at 4 foot 6 inches. With its patented design,  it's the only trencher on the market that trenches in a forward moving direcition . With the increased  safety  of trenching forward, you will never go through the frustration of trenching in reverse again with a Bainter Boom Trencher. Our Skid Steer attachment trencher will work with any brand of Skid Steer. Please visit our website at www.bainterboomtrenchers.com for more information and demo videos. Remember, once you own a Bainter Boom Trencher, you'll never look back. For more information send email to mark.nelson@bainterboomtrenchers.com","Bainter Boom Trenchers, LLC (Trencher)",Beloit,2015,NEW Bainter Trencher-FORWARD DIGGING Skid Steer Attachement,New McLaren 12x16.5 Steel Over-Tire Skid Steer Tracks--$2200,550,Beloit,Oberlin,100.00 each
0,"78 Ford Pinto parts hood, back hatch glass, and taillights",50,60,1998 Ford Expedition XLT,Sharon Springs,100,1998 Ford Expedition 4x4 leather,A1B839917202DEAD37BD74147FE721F446C48027F6E1917E5B6E59EE80BD01BE.html,Pratt,75,Back hatch glass off of a 1998 Ford Expedition $100 or best offer,lopezms58,Belleville,2015,Back hatch glass 1998 Ford Expedition,84-87 Plymouth Duster back hatch,"2,395",Belleville,Russell,"2,495.00"
0,Columbia 2T Fleece Jacket,10,145,HOLY FAMILY ELEMENTARY FLEECE JACKET YL,not responsible for lost items that are requested to be shipped   Hays,5,Nike Fleece Pullover Womens Jacket-size medium,A21EB346AE5B665582CA1D9FEE989D8BF5DDC996E39240E0C260FE8B566C5CF8.html,Hays,10,In excellent condition,malind,Hays,2015,fleece jacket in red,Lg.(42-44)No Boundaries Fleece Hooded Grey Jacket,20,Kinsley,Hays,10.00
0,Harley Davidson Ultra Classic,40,69,HARLEY DAVIDSON REACH SEAT (08 ULTRA CLASSIC),P.o. Box 44   Ford,50,Kuryakyn Hypercharger blood grooves air cleaner (Harley),A32DA4F5A804118E220A39EC4E86DD0891A6DB9345B1442AE69B23CDC1BABE0C.html,Pratt,"12,200",,lannystuff,Osborne,2015,Stock Harley mufflers,Exhaust Muffler,75,Hays,Scott City,80.00
0,Couch,200,34,PRICE REDUCED - Couch/Sof,Hays,540,3 piece sectional couch,A7A11A172E902C24F5E3B0DC8BD755585F97B4E4211600A963D2E5A0E80E91E3.html,La Crosse,55,,mrsjmeagher,Victori,2015,Sectional couch,Couch,175,Russell,Hays,550.00
0,Receiver Hitch,5,12,multiple receiving blankets,"Moscow Street, Munjor/Hays   Hays",150,receiver hitch,A8F4A80EC7609F5415ADFC63AEE92A32059F8733F47229E6C5C887FE6DC968B4.html,Raymond,10,"It is the complete setup. The Sirius SP-B1a sportster docking station with remote, SPR 2 receiver, and the SP-C2 auto docking station. If you are a sportster and want the game broadcast wherever this is the unit to have. I powered it up in both docking stations and everything seems to be in good working order",skorky67,Goodland,2015,Sirius SP-B1a sportster SPR2; receiver,Thick receiving blanket,2,Hays,Hays,50.00 each
0,235 65 17 Goodyear Tracker tires Pair,45,804,15 inch wheels and tires,McCracken,60,21x9x8 Offroad Knobby Tires for Kart Minibike Lawn Equipment,AC1579658229A39C67D773455D695172CBB851F2F642F773DD0C12B7D8929CE2.html,McCracken,100,(2)Tires 235-R55x17 Goodyear RSA mounted on 5 bolt with4 1/2 pattern steel factory wheels. Will consider trade. Call 785-394 1886 or 1887 about 1/2 tread remaining on tires Balanced ready to use on most Ford and Chrysler products.,davestuff,Hoisington,2015,USED $200 Tires 235-R55x17 w/wheels .,Just one Factory aluminum rim and 235-75-15 tire,20,Galv,Palco,50.00 each
0,1992 Ford Ranger 2 wheel drive,"26,500",515,1994 ford f150 2wd,,"2,500","ford, F250, 1997, 7.3 liter diesel, 4 wheel drive,",B20D5CC4F08DCB2914E64EE10CB36296ECEED50676181C12865F1128E20490E0.html,"Fargo, Oklahoma                 $1,500.00   1994 ford f150 2wd   Hill City","3,500","Nice 1997 Ford F150 2-wheel drive. Runs good. Great on gas. Would make someone a nice truck. 176,350 miles. Needs a battery. $2500 Cash. (308) 999-0812.",jayne,Belleville,2015,1997 Ford F150 2-wheel drive. Great on gas.,2010 Ford F150 FX4,"1,500",Atwood,Hill City,"10,000.00"
0,Sure-Loc Xpress bow press,400,106,21 New press wheels and brackets,Phillipsburg,100,Sterling Bench Drill Press,B972EDF78703E2A85A7A7869F183B8EE526AE18B0996E310A43072B991E48C57.html,Minneol,225,,gcwickham,Salin,2015,Pacific Single stage press,24 2 stage snow blower thrower rebuilt repaint 196cc 6.5HP,85,Goodland,Glen Elder,100.00
0,Gibson-Yamaha rhino exhaust,"2,050","1,197",Yamaha Rhino Bumper,Glen Elder,"10,000",2011 Yamaha Rhino,B9F280A0EF690E2CFBD362C26EA938EE07F8E791B71BAC48F6AEC7E9BE9F1F61.html,New Cambri,250,"2012 yamaha rhino 700fi sport edition, like new, very good shape, it comes with a windshield, adjustable shocks, loaded, i also added 3 more lights on the grill gaurd, only 940 miles, 89 hrs, wont find one nicer. call 785-545-8512 for more info",yote7,Goodland,2015,Yamaha Rhino,2007 Yamaha Rhino 450 4x4,125,Wichit,Lenor,"6,500.00 each"
0,Formal Dress or Mother of the Bride Dress,20,852,Formal dress,Hays,35,Formal Dress,BF40406CCB48D07BFD2DB1C66E304869694755B85FBA1B9BCEDEDCEB18BAE786.html,Hays,35,,648658,Hays,2015,Formal Dress or Mother of the Bride Dress,Alfred Angelo Mother of Bride Groom Size Misses 8 - LOWERED!,15,Great Bend,Hays,30.00
0,WTB small podium or lectern for a teacher.,5,78,Teachers Rule Picture Frame,94 Lewis Drive   Hays,0,Parents As Teachers,C1D2A738D7D6AE1FB23E013BD071343601416D55C1654BFC5348F8A385B7A001.html,Smith Center,0,"EARLY CHILDHOOD   TEACHER.  The Hays Area Childrens Center is hiring a full-time Early Childhood Teacher for our Toddler Classroom. 12 month position: Monday through Fridays from 7:30 a.m.  3:30 p.m.  Qualifications: High School Diploma or equivalency required. Child Development Associate, Early Childhood Associate, Early Childhood Unified or classes in elementary education or early childhood preferred but not required. Must be willing to obtain one of the preferences listed.   Apply at 94 Lewis Drive. Open until filled. EOE","Hays Area Childrens Center, Inc. (HACC)",Hugoton,2015,Early Childhood Teacher,1913 Calendar School Teacher  Children,5,Hays,Hays,5.00
0,Doolittle 60x8 Utility Trailer,"1,395",526,Utility trailer,1120 S. Cedar   Stockton,"1,999",2015 Doolittle 8420 CF Car Trailer,C1E37F5C7EAD7E3DCE7BD8D205EC25AAAE6364E1F182AC648218F6570D64E6B1.html,Stockton,895,"New 2015 Doolittle 84x14 SS series utility trailer.   2990 GVWR 5 Mesh ramp gate with spring assist. Full LED lighting, Radial tires. Locking Toolbox built into tongue. 6 heavy duty D-rings inside trailer. Top of the line utility trailer!  More pics at www.BradWallerAutomotive.com",Brad Waller Automotive (BradWallerAutomotive),Stockton,2015,2015 Doolittle 8414 SS Series Utility Trailer,2015 Utility Trailer 14 x 6 w/Fold Down Ram,500,Solomon,Garden City,"2,955.00"
0,568 John Deere Baler,550,159,John Deere 346 baler,Edson,"22,000",John Deere 535 Baler,C2BB35FFE33D045AD1699D02C35215CC77CF3F0C4C16D057D1DA44B8DCB01B5C.html,Kiow,"19,900","2009 JD 568 Mega Wide, HYD LIFT, PUSH BAR, SLIP CLUTCH ALERT, HI-FLOTATION TIRE Wrapping: Both Twine and Surface Wrap.   Only 7,446 bales  $22,000 OBO",bulldog28,Johnson,2015,2009 John Deere 568 baler,John Deere Hydralic Cylinders,"5,000",Colby,Cub,"7,500.00"
0,28 Gauge BenelliLegacy Shotgun,40,42,Rare Vintage Hiawatha Airway 12 Gauge Shotgun Shell Box,Great Bend,,Tristar Viper 20 Gauge Shotgun,C5AC8FC7A86AA9867E31F5B455BE129DFF434C9450D8C5E2FA95F840BB7C879A.html,Colby,"1,750",,ESPChevy,Hays,2015,20 gauge shotgun shells,1 Vintage Revelation 12 Gauge Shotgun Shell Box,150,Sharon Springs,Sharon Springs,475.00 each
0,FREE CAT TO A GOOD HOME!!,,71,2 free declawed indoor cats,316 E. 6th   Hays,20,Cat Stuff - 12 pc Set,CF612A02807FCD474BB342EC5CF74CBCFD91FF50A00E407D1945340BFD187F78.html,Lincoln,,"I recently moved out of my dads house and the place I am now dosent allow cats. His name is destry hell be 7 months old on the 11th of October. Hes not fixed and still has his claws. He really likes to play and cuddle people. He dose not like baths at all. Hes eats any kid of cat food. Hes an inside cat but likes to explore the outside when Ive let him out. If you want him he comes with 2 leashes, a hide away cat thing, a litter box, a half full thing of fresh litter, a carpet for under neath his litter box, a whole thing of scentsy stuff for his litter box, a half full bag of cat food, 2 food dishes(also for water),2 beds, cat shampoo, flea spray, cat nip, a bunch of toys, a scratching post, 2 brushes, a nail clipper for cats and treats that help his teeth. He also has a collar on. He really needs a home as quick as possible.",15aziegler,Hays,2015,Cat needs an home,Missing cat,,Hays,Hoisington,7.50 per set
0,VHS Tapes,5,3,Hitachi VCR and VHS movies,610 Summer Avenue   Morland,25,VHS Tapes - Children,D030EF1EABE485D0449AAD316E08C51D3B0EC05AACCDAB48BF455ECF0501260D.html,Hays,2,VCR works but has no remote and all vhs tapes work selling them all together,KariRBell,Hays,2015,vcr and vhs tapes,REDUCED: VHS Tapes,50,Victori,Phillipsburg,0.50
0,Table  Chairs,195,259,Outdoor Table and Chairs,P.O box 54   Goodland,550,Table  5 chairs,D2C0FFD4A095B31E9BCEA95D46F4E8417B19D0473A75435CE2A4AFC447B65A04.html,Hays,375,"For sale (10) folding white tables 6 and (70) brown folding chairs, take all for $550 or best reasonable offer.",Hildadrm77,Goodland,2015,Tables and chairs FOR SALE,SOLID OAK TABLE AND CHAIRS,100,Victori,Salin,25.00
0,Larson boat,"1,000",171,1998 Ford Ranger,Ellis,"9,200",1998 Polaris Trail Boss,D3AE991FB0E1961AC48C75F41E6404FA7B0B02406A5A7E371AA2639FFE20E6A7.html,Colby,"7,500","I have a nice 1998 larson boat for sale. It has the v8 5.0gi volvo penta motor that is fuel injected. Wakeboard tower with rack, 2 batteries with perka switch, aftermarket stereo (2-12 subs/tower speakers/ 6x9s and 5 speakers/ 2 amplifiers). Just had all the seats redone so Interior is excellent shape. Trailer is tandem axle. Also life jackets,wakeboard,tube, and other misc. to go with. Boat has been great , just no longer make it to the lake. Hopefully someone else can enjoy it. Any questions, feel free to message. Thanks for looking",devins2231,Great Bend,2015,1998 Larson 206sei,1998 Honda XR 100,"1,200",Holyrood,Saint Francis,"1,500.00"
0,Womans dressy t-shirt,5,52,Dressy shirts,Salin,,womans t-shirt,D471EDE6A47FB88E1A45E6DA6E45BA611B70A15F32203C3A8CE30B4C89254E26.html,Salin,"3.50   Womans dressy t-shirt   Salina, Kansas                 $3.50   womans t-shirt   Salina, Kansas                 $5",Jones New York sport floral t-shirt. cotton/spandex. 3X. Runs slightly small. Excellent condition. Smoke free home.,kayk,Salin,2015,Womans dressy floral t-shirt,Womans striped shirt,5,Salin,Hays,3.50
0,"JD 730, W/1900 AIR SEEDER, W/ 44 F CULTI. W/JD 455 DRILL.","125,000","1,459",AL; Grain Cart 425,Phillipsburg,"18,500",Air seeder fertilizer tank,D510EF0DA2BC0FA4B07FB7F6EFD5A7B387CA528A813CEA9E0CE34E364C090816.html,Gem,"31,000",,cruise4fun,Assari,2015,Hiniker 4836 Soybean/Wheat air seeder and Cart Grain Drill,2012 John Deere 1830 hoe drill/air seeder/1910 air cart,"3,500",Winon,Dresden,1.00
0,COOKS,0,532,Cattle Distribution Assistant at Progressive Feedlot in NE,Hays,0,"Assistant manager, cashier",D6E91A21801BA842B8F54AEE5ED264464194F08811B4C323784EE24F70BD53EF.html,Colby,0,Assistant Cook Positions available for the 2015-2016 school year . PERFECT job for parents that want to have the same schedule as their kids!!!   Apply on line at usd489.com -- Employment Link,USD 489 Hays (usd489hays),Oakley,2015,Assistant Cook for USD #489,Food Service Assistant,0,Jetmore,"Broken Bow, Nebraska                 $0.00   Food Service Assistant   Jetmore",0.00
0,2010 Nissan Altima 2.5,"9,750",338,2012 Nissan Altim,Holcom,"10,500",2013 NISSAN ALTIMA SL,D708F325C10C00549CBCB1E0E40411DE348A2C6867999AC70547FC9920F579E4.html,Hays,"13,500",,Rickyx4,Colby,2015,2010 nissan altim,2009 Nissan Altim,"13,500",Phillipsburg,Dodge City,"21,995.00 each"
0,Dress,15,340,Dress,Hays,30,Dress,DABA8DD63DFDBE06D1A9F25301ED617BBDDDD38D06847CB364980E77048ECF93.html,Hays,40,Party dress. Beige. Size 8 girls,Elizabeth23,Hays,2015,Dress,Dress,15,Kingman,Hays,10.00
0,"Prairie Hay - Large Rounds, Net Wrapped",50,95,Grass Hay Bales,Galv,40,Net Wra,DAED71363E474955FA74DDC30650F1C614B487991D9C45136278F56EF9C6FB35.html,Sylvan Grove,50,Net wrapped praire hay bales 5 bales. Bales put up dry and no rain on them. Can load semi.,jamand,Derby,2015,Net wrapped praire hay bales,Round Bales of Prarie Hay 30 2015 Cutting,85,Morland,Colby,200.00
0,vintage avon bottles,3,6,Avon,Ellsworth,4,7 UP bottles,DBFD6655249280ABACC1AF106B5048CC45783E7DE31D4051628678CDE7354F1E.html,Osborne,0,$4.00 EACH OR $24.00 FOR ALL ----SOME OF THEM STIL HAVE PERFUME IN THEM,Dorcy,Hays,2015,7 AVON BOTTLES,Avon,0,Liebenthal,Radium,5.00 each
0,OCEAN SCENE OIL ON CANVAS,60,458,STUDY IN FLORALS #1 by LINDA,"864 Moscow, MUNJOR   Hays",10,OIL ON CANVAS SOARS WITH EAGLES ALICE MUNSON,DE45B8E8A2B2B2B89683CE8BFD95DDC5D0B1B5BFE270293DA82076139BA04D7D.html,Hays,15,NICE FRAMES OIL ON CANVAS FLORAL PAINTING BY LINDA  8 X 10,skorky67,Hays,2015,FLORAL OIL ON CANVAS,Painting on Canvas,15,Goodland,Hays,30.00
0,MOBILE SHOP TRAILER  SNAP ON TOOLS (OCT. 10),0,214,"REAL ESTATE, SHOP  COMMERCIAL PAINT AUCTION (10/7)",1001 South Washington   Plainville,0,"214 E 20th - OPEN HOUSE SUN 27, 2-4",E0CD0D3687975A7B029DFA330BB2125937CE70CDE3D20B5FFFDB4E69EFBA6D6F.html,Hays,0,"Consignment Auction, Sunday, October 4, 2015, 10:30 a.m. ACL, Plainville      Auctioneers Note:   Dont miss this one as there are some really unique retro, vintage and antique items including tin ceiling tiles, gas station display cabinets, lumberyard revolving nail/bolt bin display. There is also collectible glassware, primitives, furniture, household goods and tools! Something for everyone! Open House on Saturday, October 3 from 10  2 p.m. Absentee bids accepted.  For more pictures: https://phre.smugmug.com/CONSIGNMENT-AUCTION-SUN-OCT-4/    FURNITURE  : Oak Round Pedestal Table with 4 Chairs, 2 Blanket Chests, Queen Bedroom Set with Dresser, Armoire, 2 Night Stands, Jewelry Armoire, Roll Top Desk with Display, Couch and Occasional Chair, Wooden Dining Room Table, Chairs, Occasional Tables, Elec. Range, 10 Gun Cabinet w/Etched Glass Doors, Double Bath Vanity, 2 piece Bar Set, 4 Drawer Metal File Cabinet, 2 Drawer Metal File Cabinet    PRIMITIVES, RETRO ITEMS  : Oak Curved Glass China Cabinet, 3 Metal Retro Lawn Chairs, Vintage Wooden Lift Top Desk/Podium (Used in Hardware Store), Fairbanks Morse Floor Radio, Philco Floor Radio, Farnsworth Floor Radio, Motorola Floor Radio, Timex Lighted Revolving Floor Display Case, 2  24 Drawer Metal Bin Boxes, Pedal Grinding Wheel, Singer Treadle Sewing Machine, Student Desk, Autolite 6 Door Locker, Wix Metal Filter and Oil Cabinet, GE Motors 5 Shelf Stand, 48 Bin Wooden Case, 2  21 bin Wooden Cases, 5  27 Bin Wooden Cases, 2  30 Bin Wooden Cases, Vintage 5 gal. Carboy Jar in Original Crate, Antique Humpty Dumpty 1902 Wooden Egg Carrier, Vintage Cast Metal Notary Embossed Stamp, Hay/Ice Tongs, Wooden Plante, Stained Glass Rope Glide Window, 1940s Leather 3 pc. Luggage Set, Military Wooden Cannon Ammo Crate with Rope Handles, 1944 Original WWII Good Conduct Medal in Original Box  PA Quartermaster Depot, Set Pool Balls, Seth Thomas Mantle Clock, Ansonia Mantle Clock, 2 Vintage Oak Rockers, 2 Oak Occasional Chairs, 2 Vintage Parlor Chairs, 6 Queen Anne Chairs, Retro Black/White Glass Picture Frames, Folding Room Screen, Vintage Tin Ceiling Tiles and Border, Vintage Kerosene Heater, Vintage Floor Lamp, Vintage Pictures, Teapot Collection    COLLECTIBLES  GLASSWARE  : Old Country Rose Royal Albert Bone China 1963 8 place setting, Beroque Blue by Daniele Fine China Japan 14 place setting with completer pieces, Bavaria 12 place setting China, Several Pieces 70s Blue Carnival (Pitcher, Goblets, Glasses, Covered Compote, 2 Fruit Dishes), Several Pieces Pink Depression (Relish Dish, Serving Bowl, Biscuit Jar), 1922 Almanac, Vintage Books, 3 Boxes Albums (some Elvis), Crocheted Queen Size Bedspread, 10 MIB Barbie Dolls, New Gold Plated Silverware in Wooden Case, Embroidered Pillow Cases and Tea Towels, Ladies Handkerchiefs and Gloves, Small Japan Canister Set w/Flour, Sugar, Tea, Coffee, Nutmeg, Cloves, Pepper Allspice, Wooden Book Holder, Wooden Stool, 70s Gold Carnival, Amber Carnival, Hull 8  Vase, Hull W-12 9  Jardiniere, Glass Punch Bowl w/10 cups, Pink Pottery Pitcher, Flower Pitcher, Ty Bears, Ty Beanies, Vintage Alarm Clocks, Manual Typewriter, Liquor Bottle, Vintage Greeting Cards, Political Buttons, First Day Issue Stamp Envelopes including JFK, Baseball Cards, Chenille Bedspread, Pocket Watch, Costume Jewelry    TOOLS AND ELECTRICAL SUPPLIES  : Champion 10,000# Winch, Wall Heater, Paint Shaker from Hardware Stores, 4 Shelf Wire Garage Rack, Many Spools of Wire, Copper, 2 New Main Breakers MIB, 3 Square D Breakers, 2 Square D Main Circuit Breakers in Boxes, Conduit Connectors, Plates, Switches, Wall and Ceiling Boxes, Junction Boxes, Ballasts, Fuses, Outlets (one row of electrical supplies), Pressure Washer, Hand Tools, Scroll Saw, Lathe    HOUSEHOLD AND MISC  . Dreamsicle Figurines, Wicker Baskets, Afghans, Sheets, 100 DVDS, VTech Phone System, Bed Sets, Nintendo DS, Toys, Christmas Decorations, Kids Book Sets, Dehydrator, Pressure Cooker, Batter Bowl, Wire BBQ Racks, Pots and Pans, Lamps, New Box Paint Balls, Homedics Massager, Desktop Scanner, Little Tikes Picnic Table, Knives, Blankets, Figurines, Dishes    SPECIAL  Pride Victory 3 Wheel Scoot Around       Auction Conducted by: Prairie Heritage Auction and Real Estate, 1001 South Washington, Plainville, KS Susan Stahl, Auctioneer 785-608-6683      Auction Crew: Sheila Hachmeister, Lora Weigel, Paula Glick, Kelly Lowry, Tammy Werner, Steph Nuss, Gwendolyn Hitchcock",Prairie Heritage Auction and Real Estate (auctioncitylimits),Larned,2015,"CONSIGNMENT AUCTION, SUN. OCT.4, @ 10:30, ACL, PLAINVILLE",Twisted Sister Estate Sale. Sept. 30 and Oct. 3,0,Russell,Lyons,"186,500.00"
0,glass globes (set of 3),25,54,Party Lite Glass Globe with Brass Stand,Plainville,4,Watering Glass Globes (New),E4DDE23CA19F5EFBA748A3E8D0C6C3DC76877A0DC3A6A7B80BD72B0D469DC203.html,Hutchinson,5,Four globes off of ceiling fan. 785-434-6304. $4 for all. thanks for looking,baglady,Dodge City,2015,Glass Globes,Musical Snow Globe,5,Walker,WaKeeney,12.50
0,Mexican paper mache figures,8,137,Munsters action figures,Great Bend,35,Sculptured Moose figure on Wood,E55B54181F9AF2F78F81D6A3BA2F57939FB3D4346C2A08C8DDBE8A0752FFA427.html,Plainville,35,All 3 for $35,dmhejny,Larned,2015,Vtg Asian Figures,WR; BERRIES VINTAGE FIGURES,40,Hays,Russell,22.00
0,New Balance Shoes,0,157,Black Dress Shoes,902 State St   Ellsworth,50,Ladies shoes,E8C761DE9443892748A0C2D33EA8D0384498AFA9558096570F9764697F8042A3.html,Hays,5,Have a pair of Oasics size 9 1/2 mens Javoline shoes. We paid $90.00 for them Brand New.Our son only wore them once and are very clean inside them. Cleats and wrench are free with them.,hunter5t,Hays,2015,Oasiks Javoline Shoes,Cycling shoes and pedal cleats,3,Ness City,Hays,18.00
0,Vintage sewing machine,0,76,Large selection of accent tables,510 N. Front st   Russell,0,Vintage sewing machine,E9DFC2D8E23A59631630882E3BF9C00735A0CAF713DE27FA4C78F4015414F44E.html,"Cambridge, Nebraska                 $0.00   Large selection of accent tables   Russell",100,". Folding sewing machine table. Magazines. Old patterns. Thread cabinets. Viking machine. Vintage machines in cabinets. Lots of material boxes. Books. Lark. Singer. Some cabinets quite ornate. Will be selling at Twisted Sister Estate Sale. Estate of Lois and Kent Lapham. Sat. Oct 3. 8am-3pm. 510 N. Front street. Russell, Kansas. Check out other items selling under estate sales. For more information or flyer contact. Linda twistedsistersest@gmail.com. Not an auction everything will be priced wed and ready to sell",TWISTED SISTER ESTATE SALEs (Linda1),"Cambridge, Nebraska                 $125.00   Vintage sewing machine   Cambridge, Nebraska                 $0.00   Large selection of accent tables   Russell",2015,Sewing machines vintage and modern,Bedroom sets Dressers,0,Russell,Russell,125.00
0,2004 25 Ft Wildwood Fifth Wheeler Camper 25RLSS,100,85,fifth wheel hitch,Great Bend,"15,000",2004 Wildcat 5th Wheel RV,E9E3F2E1E7517225A9FD2E7A6D8C007E2D0CA2F44F6E8B38C635BA29A873D812.html,Lakin,"8,950","ROOM FOR EVERYONE !! 2004 NEW VISION FIFTH WHEEL , SLEEP 6 HAS 2 SLIDES AND A SLIDE THROUGH STORAGE COMPARTMENT , OUTDOOR SHOWER AND AWNING IS IN EXCELLENT CONDITION , TIRES ONLY HAVE 700 MILES ON THEM AND BATTERY IS 2 YEARS OLD . ASKING 15000.00 WELL BELOW RETAIL !",teffanie,Greensburg,2015,2004 new vision fifth wheel,fifth wheel gooseneck tailgate,200,Larned,Prairie View,"12,500.00"
0,2006 Harley Davidson FLHTCI Electra Glide,"12,995",432,2008 Harley-Davidson Street Glide,103 E. Hwy 36   Smith Center,"5,495",2001 Harley-Davidson Electra Glide Klockwerks Bagger,EAE716DE437D759D5F81702B9DA5EBDE2D8DE15A01BB456166BB596F34BC95E8.html,Smith Center,"8,000","Heres a older Harley Davidson Electra Glide Ultra Classic that looks like a Street Glide. Two tone paint, almost new tires, fairing and windshield, docking hardware for tour pak and sissy bar with luggage rack, cruise, stereo, tons of upgrades in chrome, Satelite radio, EVO 80cu engine, 90th Anniversary bike, great tires, Mustang seat, lite bezels, windshield bags, true dual exhaust, and chrome bag gaurds! If you are wanting a cool touring bike or want a Street Glide but dont want to spend $20000 then you need to come by and check this one out! You can own this bike at Sportster price!!!!! Hurry, it wont last long!   79,000 miles   CREDIT CARDS ACCEPTED!!  DO NOT SEND E-MAILS OR TEXT!!! CALL: 785-686-4299 CALL FOR MORE INFORMATION: DEALER CHECK OUT OUR WEBSITE: www.frielingautosales.com",Frieling Auto Sales (jbaetz),Jennings,2015,1993 Harley-Davidson Electra Glide Electra glide,2006 Harley-Davidson Street Glide FLHX,"13,495",Smith Center,Smith Center,"17,995.00"
0,Glass vases,10,73,Crystal table decor,1200 S. main street   Ford,15,Glass vases,EB145A1F214F6E9AE74816BDDE9A7C2563B0CF192E299594AA021C5FBBB9FF3C.html,Ford,3,,jesse_hayes69,Ford,2015,Glass vases,glass vase,10,Dodge City,Ford,5.00 each
0,JD 4560 tractor,"1,500",25,JD tractor,Hays,35,JD 8400,EE19AA486C4F709998C0809B83341970AEE8E262FF0F908D60D9E0D9C88B24E5.html,Coats,"38,000",John Deere Toy tractor. Calls only,mrfarmall,McPherson,2015,JD 5020,JD Round Bar Concaves,"12,900",Hays,Oberlin,"69,500.00 each"
0,Baby swings,20,14,Bright starts bounce bounce baby,Russell,30,Baby Swing,EEC055BD5DD7534CBED6F675ED05304E6A129097FD99578AE212C16F104D69F4.html,Gorham,40,"This particular swing has only been used for 4 months. It has a six-melody music player with volume control and auto shut-off, and an adjustable toy bar with two plush toys. It also folds easily for storage or travel. Its in perfect condition and have never had to change the batteries.",dwsmith,Hays,2015,Baby Swing (portable) by Bright Starts,Baby Play Mat by Baby Einstein,15,Russell,Selden,100.00
0,Electric Fireplace,150,170,Twin bed,Goodland,500,Hide-a-Bed Sof,F2E6A22309EC60C966AA549C4096332E2FC2133A13ED00D65C851A89D2B188B3.html,Goodland,50,"Extra Long Twin Niagra Electric Adjustable Bed. Comes with headboard, or you can use any headboard. Mattress is clean and in good shape. If interested, please call Sharon at 785-899-3462 evenings. Price Negotiable.",madmax30,Goodland,2015,Electric Adjustable Bed,Jenny Lind Twin Beds,75,Great Bend,Hays,50.00
0,Craze Mission by Mathews Bow,375,44,HELIM MATHEWS BOW!!,Oberlin,525,Mathews Apex 7 Target Bow,F499E1C3A650DE242A5BEEEB6610C286499DA2B86E1A909C2C0A73414C9402ED.html,Mullinville,600,Mathews Drenaline Bow with IQ rental lock 7 pin sights 29 inch draw and 70 lbs is where it is set at. Has a release and a shot blocker target that has been shot a few times.,Elcamino ss369,Lyons,2015,Mathews Drenaline Bow,Bow Tech Admiral,850,Scandi,Damar,250.00
0,Dodge Ram 2500 4X4 Diesel,"27,495",129,"06 RAM 2500 5.9 DIESEL 126K Miles 4x4, CREW CAB SLT 1-Owner",Great Bend,"18,000","!!!!! 2004 DODGE RAM 2500 LARAMI 5.9 DIESEL 4X4 !!!!!",FC40B5A2BD088828A055A0D04A7332227ED6233806C4EE2415FCC67EF23ECC25.html,Scott City,"15,000",,montymac,Garden City,2015,2006 ram 2500 diesel,(Reduced) 2006 Dodge Ram 2500 5.9L Cummins SLT Big Horn 4X4,"25,995",Hays,Plainville,"21,500.00"
