data/semtab/tables/1_53822652_0_5767892317858575530.csv	data/semtab/models/1_53822652_0_5767892317858575530.csv.model.json	data/semtab/graphs/1_54719588_0_8417197176086756912.ttl	data/semtab/mappings/1_53822652_0_5767892317858575530.rml
data/semtab/tables/1_16767252_0_2409448375013995751.csv	data/semtab/models/1_16767252_0_2409448375013995751.csv.model.json	data/semtab/graphs/1_54719588_0_8417197176086756912.ttl	data/semtab/mappings/1_16767252_0_2409448375013995751.rml
data/semtab/tables/1_39650055_5_7135804139753401681.csv	data/semtab/models/1_39650055_5_7135804139753401681.csv.model.json	data/semtab/graphs/1_14380604_4_3329235705746762392.ttl	data/semtab/mappings/1_39650055_5_7135804139753401681.rml
data/semtab/tables/1_58891288_0_1117541047012405958.csv	data/semtab/models/1_58891288_0_1117541047012405958.csv.model.json	data/semtab/graphs/1_54719588_0_8417197176086756912.ttl	data/semtab/mappings/1_58891288_0_1117541047012405958.rml
data/semtab/tables/1_21362676_0_6854186738074119688.csv	data/semtab/models/1_21362676_0_6854186738074119688.csv.model.json	data/semtab/graphs/1_54719588_0_8417197176086756912.ttl	data/semtab/mappings/1_21362676_0_6854186738074119688.rml
data/semtab/tables/1_1438042989043_35_20150728002309-00287-ip-10-236-191-2_875026214_2.csv	data/semtab/models/1_1438042989043_35_20150728002309-00287-ip-10-236-191-2_875026214_2.csv.model.json	data/semtab/graphs/2_1819.ttl	data/semtab/mappings/1_1438042989043_35_20150728002309-00287-ip-10-236-191-2_875026214_2.rml
data/semtab/tables/1_36102169_0_7739454799295072814.csv	data/semtab/models/1_36102169_0_7739454799295072814.csv.model.json	data/semtab/graphs/1_29414811_13_8724394428539174350.ttl	data/semtab/mappings/1_36102169_0_7739454799295072814.rml
data/semtab/tables/1_25404227_0_2240631045609013057.csv	data/semtab/models/1_25404227_0_2240631045609013057.csv.model.json	data/semtab/graphs/1_54719588_0_8417197176086756912.ttl	data/semtab/mappings/1_25404227_0_2240631045609013057.rml
data/semtab/tables/1_91959037_0_7907661684242014480.csv	data/semtab/models/1_91959037_0_7907661684242014480.csv.model.json	data/semtab/graphs/1_46671561_0_6122315295162029872.ttl	data/semtab/mappings/1_91959037_0_7907661684242014480.rml
data/semtab/tables/1_20135078_0_7570343137119682530.csv	data/semtab/models/1_20135078_0_7570343137119682530.csv.model.json	data/semtab/graphs/1_54719588_0_8417197176086756912.ttl	data/semtab/mappings/1_20135078_0_7570343137119682530.rml
data/semtab/tables/1_71840765_0_6664391841933033844.csv	data/semtab/models/1_71840765_0_6664391841933033844.csv.model.json	data/semtab/graphs/2_957.ttl	data/semtab/mappings/1_71840765_0_6664391841933033844.rml
data/semtab/tables/1_69537082_0_7789694313271016902.csv	data/semtab/models/1_69537082_0_7789694313271016902.csv.model.json	data/semtab/graphs/1_52299421_0_4473286348258170200.ttl	data/semtab/mappings/1_69537082_0_7789694313271016902.rml
data/semtab/tables/1_84548468_0_5955155464119382182.csv	data/semtab/models/1_84548468_0_5955155464119382182.csv.model.json	data/semtab/graphs/1_54719588_0_8417197176086756912.ttl	data/semtab/mappings/1_84548468_0_5955155464119382182.rml
data/semtab/tables/1_38428277_0_1311643810102462607.csv	data/semtab/models/1_38428277_0_1311643810102462607.csv.model.json	data/semtab/graphs/1_54719588_0_8417197176086756912.ttl	data/semtab/mappings/1_38428277_0_1311643810102462607.rml
data/semtab/tables/1_39173938_0_7916056990138658530.csv	data/semtab/models/1_39173938_0_7916056990138658530.csv.model.json	data/semtab/graphs/1_54719588_0_8417197176086756912.ttl	data/semtab/mappings/1_39173938_0_7916056990138658530.rml
data/semtab/tables/1_69881946_0_1105130426898457358.csv	data/semtab/models/1_69881946_0_1105130426898457358.csv.model.json	data/semtab/graphs/1_54719588_0_8417197176086756912.ttl	data/semtab/mappings/1_69881946_0_1105130426898457358.rml
data/semtab/tables/1_77694908_0_6083291340991074532.csv	data/semtab/models/1_77694908_0_6083291340991074532.csv.model.json	data/semtab/graphs/1_54719588_0_8417197176086756912.ttl	data/semtab/mappings/1_77694908_0_6083291340991074532.rml
data/semtab/tables/1_35188621_0_6058553107571275232.csv	data/semtab/models/1_35188621_0_6058553107571275232.csv.model.json	data/semtab/graphs/1_54719588_0_8417197176086756912.ttl	data/semtab/mappings/1_35188621_0_6058553107571275232.rml
data/semtab/tables/2_3.csv	data/semtab/models/2_3.csv.model.json	data/semtab/graphs/4_v15_1.ttl	data/semtab/mappings/2_3.rml
data/semtab/tables/2_204.csv	data/semtab/models/2_204.csv.model.json	data/semtab/graphs/3_v10_139.ttl	data/semtab/mappings/2_204.rml
data/semtab/tables/2_205.csv	data/semtab/models/2_205.csv.model.json	data/semtab/graphs/3_v10_139.ttl	data/semtab/mappings/2_205.rml
data/semtab/tables/2_206.csv	data/semtab/models/2_206.csv.model.json	data/semtab/graphs/3_v10_139.ttl	data/semtab/mappings/2_206.rml
data/semtab/tables/2_211.csv	data/semtab/models/2_211.csv.model.json	data/semtab/graphs/2_1797.ttl	data/semtab/mappings/2_211.rml
data/semtab/tables/2_212.csv	data/semtab/models/2_212.csv.model.json	data/semtab/graphs/2_1797.ttl	data/semtab/mappings/2_212.rml
data/semtab/tables/2_214.csv	data/semtab/models/2_214.csv.model.json	data/semtab/graphs/2_1797.ttl	data/semtab/mappings/2_214.rml
data/semtab/tables/2_List_of_cities_and_towns_in_Russia#0.csv	data/semtab/models/2_List_of_cities_and_towns_in_Russia#0.csv.model.json	data/semtab/graphs/2_1006.ttl	data/semtab/mappings/2_List_of_cities_and_towns_in_Russia#0.rml
data/semtab/tables/2_Cork_Premier_Intermediate_Hurling_Championship#0.csv	data/semtab/models/2_Cork_Premier_Intermediate_Hurling_Championship#0.csv.model.json	data/semtab/graphs/2_1828.ttl	data/semtab/mappings/2_Cork_Premier_Intermediate_Hurling_Championship#0.rml
data/semtab/tables/2_1363.csv	data/semtab/models/2_1363.csv.model.json	data/semtab/graphs/3_v12_560.ttl	data/semtab/mappings/2_1363.rml
data/semtab/tables/2_1364.csv	data/semtab/models/2_1364.csv.model.json	data/semtab/graphs/3_v12_560.ttl	data/semtab/mappings/2_1364.rml
data/semtab/tables/2_520.csv	data/semtab/models/2_520.csv.model.json	data/semtab/graphs/3_v10_471.ttl	data/semtab/mappings/2_520.rml
data/semtab/tables/2_1463.csv	data/semtab/models/2_1463.csv.model.json	data/semtab/graphs/3_v10_1468.ttl	data/semtab/mappings/2_1463.rml
data/semtab/tables/2_678.csv	data/semtab/models/2_678.csv.model.json	data/semtab/graphs/3_v12_560.ttl	data/semtab/mappings/2_678.rml
data/semtab/tables/2_679.csv	data/semtab/models/2_679.csv.model.json	data/semtab/graphs/3_v12_560.ttl	data/semtab/mappings/2_679.rml
data/semtab/tables/2_716.csv	data/semtab/models/2_716.csv.model.json	data/semtab/graphs/3_v10_691.ttl	data/semtab/mappings/2_716.rml
data/semtab/tables/2_717.csv	data/semtab/models/2_717.csv.model.json	data/semtab/graphs/4_v17_697.ttl	data/semtab/mappings/2_717.rml
data/semtab/tables/2_AMF_Futsal_World_Cup#1.csv	data/semtab/models/2_AMF_Futsal_World_Cup#1.csv.model.json	data/semtab/graphs/2_1006.ttl	data/semtab/mappings/2_AMF_Futsal_World_Cup#1.rml
data/semtab/tables/2_1999_European_Aquatics_Championships#1.csv	data/semtab/models/2_1999_European_Aquatics_Championships#1.csv.model.json	data/semtab/graphs/2_1737.ttl	data/semtab/mappings/2_1999_European_Aquatics_Championships#1.rml
data/semtab/tables/2_1682.csv	data/semtab/models/2_1682.csv.model.json	data/semtab/graphs/2_1227.ttl	data/semtab/mappings/2_1682.rml
data/semtab/tables/2_1681.csv	data/semtab/models/2_1681.csv.model.json	data/semtab/graphs/2_1227.ttl	data/semtab/mappings/2_1681.rml
data/semtab/tables/2_1680.csv	data/semtab/models/2_1680.csv.model.json	data/semtab/graphs/2_1227.ttl	data/semtab/mappings/2_1680.rml
data/semtab/tables/2_1679.csv	data/semtab/models/2_1679.csv.model.json	data/semtab/graphs/2_1227.ttl	data/semtab/mappings/2_1679.rml
data/semtab/tables/2_1683.csv	data/semtab/models/2_1683.csv.model.json	data/semtab/graphs/2_1227.ttl	data/semtab/mappings/2_1683.rml
data/semtab/tables/2_804.csv	data/semtab/models/2_804.csv.model.json	data/semtab/graphs/3_v10_715.ttl	data/semtab/mappings/2_804.rml
data/semtab/tables/2_805.csv	data/semtab/models/2_805.csv.model.json	data/semtab/graphs/3_v10_715.ttl	data/semtab/mappings/2_805.rml
data/semtab/tables/2_806.csv	data/semtab/models/2_806.csv.model.json	data/semtab/graphs/3_v10_715.ttl	data/semtab/mappings/2_806.rml
data/semtab/tables/2_809.csv	data/semtab/models/2_809.csv.model.json	data/semtab/graphs/3_v10_722.ttl	data/semtab/mappings/2_809.rml
data/semtab/tables/2_810.csv	data/semtab/models/2_810.csv.model.json	data/semtab/graphs/3_v10_722.ttl	data/semtab/mappings/2_810.rml
data/semtab/tables/2_811.csv	data/semtab/models/2_811.csv.model.json	data/semtab/graphs/3_v10_722.ttl	data/semtab/mappings/2_811.rml
data/semtab/tables/2_812.csv	data/semtab/models/2_812.csv.model.json	data/semtab/graphs/3_v10_722.ttl	data/semtab/mappings/2_812.rml
data/semtab/tables/2_813.csv	data/semtab/models/2_813.csv.model.json	data/semtab/graphs/3_v10_722.ttl	data/semtab/mappings/2_813.rml
data/semtab/tables/2_814.csv	data/semtab/models/2_814.csv.model.json	data/semtab/graphs/3_v10_722.ttl	data/semtab/mappings/2_814.rml
data/semtab/tables/2_815.csv	data/semtab/models/2_815.csv.model.json	data/semtab/graphs/3_v10_722.ttl	data/semtab/mappings/2_815.rml
data/semtab/tables/2_816.csv	data/semtab/models/2_816.csv.model.json	data/semtab/graphs/3_v10_722.ttl	data/semtab/mappings/2_816.rml
data/semtab/tables/2_817.csv	data/semtab/models/2_817.csv.model.json	data/semtab/graphs/3_v10_722.ttl	data/semtab/mappings/2_817.rml
data/semtab/tables/2_818.csv	data/semtab/models/2_818.csv.model.json	data/semtab/graphs/3_v10_722.ttl	data/semtab/mappings/2_818.rml
data/semtab/tables/2_819.csv	data/semtab/models/2_819.csv.model.json	data/semtab/graphs/3_v10_722.ttl	data/semtab/mappings/2_819.rml
data/semtab/tables/2_820.csv	data/semtab/models/2_820.csv.model.json	data/semtab/graphs/3_v10_722.ttl	data/semtab/mappings/2_820.rml
data/semtab/tables/2_821.csv	data/semtab/models/2_821.csv.model.json	data/semtab/graphs/3_v10_722.ttl	data/semtab/mappings/2_821.rml
data/semtab/tables/2_822.csv	data/semtab/models/2_822.csv.model.json	data/semtab/graphs/3_v10_722.ttl	data/semtab/mappings/2_822.rml
data/semtab/tables/2_823.csv	data/semtab/models/2_823.csv.model.json	data/semtab/graphs/3_v10_722.ttl	data/semtab/mappings/2_823.rml
data/semtab/tables/2_824.csv	data/semtab/models/2_824.csv.model.json	data/semtab/graphs/3_v10_722.ttl	data/semtab/mappings/2_824.rml
data/semtab/tables/2_825.csv	data/semtab/models/2_825.csv.model.json	data/semtab/graphs/3_v10_722.ttl	data/semtab/mappings/2_825.rml
data/semtab/tables/2_826.csv	data/semtab/models/2_826.csv.model.json	data/semtab/graphs/3_v10_722.ttl	data/semtab/mappings/2_826.rml
data/semtab/tables/2_827.csv	data/semtab/models/2_827.csv.model.json	data/semtab/graphs/3_v10_722.ttl	data/semtab/mappings/2_827.rml
data/semtab/tables/2_828.csv	data/semtab/models/2_828.csv.model.json	data/semtab/graphs/3_v10_722.ttl	data/semtab/mappings/2_828.rml
data/semtab/tables/2_829.csv	data/semtab/models/2_829.csv.model.json	data/semtab/graphs/3_v10_722.ttl	data/semtab/mappings/2_829.rml
data/semtab/tables/2_830.csv	data/semtab/models/2_830.csv.model.json	data/semtab/graphs/3_v10_722.ttl	data/semtab/mappings/2_830.rml
data/semtab/tables/2_913.csv	data/semtab/models/2_913.csv.model.json	data/semtab/graphs/4_v18_756.ttl	data/semtab/mappings/2_913.rml
data/semtab/tables/2_914.csv	data/semtab/models/2_914.csv.model.json	data/semtab/graphs/4_v18_756.ttl	data/semtab/mappings/2_914.rml
data/semtab/tables/2_919.csv	data/semtab/models/2_919.csv.model.json	data/semtab/graphs/4_v18_756.ttl	data/semtab/mappings/2_919.rml
data/semtab/tables/2_951.csv	data/semtab/models/2_951.csv.model.json	data/semtab/graphs/4_v18_822.ttl	data/semtab/mappings/2_951.rml
data/semtab/tables/2_Laois_All-County_Football_League#2.csv	data/semtab/models/2_Laois_All-County_Football_League#2.csv.model.json	data/semtab/graphs/2_1828.ttl	data/semtab/mappings/2_Laois_All-County_Football_League#2.rml
data/semtab/tables/2_Kosuke_Matsuura#4.csv	data/semtab/models/2_Kosuke_Matsuura#4.csv.model.json	data/semtab/graphs/2_1657.ttl	data/semtab/mappings/2_Kosuke_Matsuura#4.rml
data/semtab/tables/2_114.csv	data/semtab/models/2_114.csv.model.json	data/semtab/graphs/4_v17_88.ttl	data/semtab/mappings/2_114.rml
data/semtab/tables/2_115.csv	data/semtab/models/2_115.csv.model.json	data/semtab/graphs/4_v17_88.ttl	data/semtab/mappings/2_115.rml
data/semtab/tables/3_v12_40.csv	data/semtab/models/3_v12_40.csv.model.json	data/semtab/graphs/4_v17_58.ttl	data/semtab/mappings/3_v12_40.rml
data/semtab/tables/3_v14_146.csv	data/semtab/models/3_v14_146.csv.model.json	data/semtab/graphs/3_v12_93.ttl	data/semtab/mappings/3_v14_146.rml
data/semtab/tables/3_v12_39.csv	data/semtab/models/3_v12_39.csv.model.json	data/semtab/graphs/4_v17_58.ttl	data/semtab/mappings/3_v12_39.rml
data/semtab/tables/3_v12_38.csv	data/semtab/models/3_v12_38.csv.model.json	data/semtab/graphs/4_v17_58.ttl	data/semtab/mappings/3_v12_38.rml
data/semtab/tables/3_v10_589.csv	data/semtab/models/3_v10_589.csv.model.json	data/semtab/graphs/4_v18_596.ttl	data/semtab/mappings/3_v10_589.rml
data/semtab/tables/3_v10_586.csv	data/semtab/models/3_v10_586.csv.model.json	data/semtab/graphs/4_v18_596.ttl	data/semtab/mappings/3_v10_586.rml
data/semtab/tables/3_v10_588.csv	data/semtab/models/3_v10_588.csv.model.json	data/semtab/graphs/4_v18_596.ttl	data/semtab/mappings/3_v10_588.rml
data/semtab/tables/3_v10_587.csv	data/semtab/models/3_v10_587.csv.model.json	data/semtab/graphs/4_v18_596.ttl	data/semtab/mappings/3_v10_587.rml
data/semtab/tables/3_v10_591.csv	data/semtab/models/3_v10_591.csv.model.json	data/semtab/graphs/4_v18_596.ttl	data/semtab/mappings/3_v10_591.rml
data/semtab/tables/3_v10_590.csv	data/semtab/models/3_v10_590.csv.model.json	data/semtab/graphs/4_v18_596.ttl	data/semtab/mappings/3_v10_590.rml
data/semtab/tables/3_v10_129.csv	data/semtab/models/3_v10_129.csv.model.json	data/semtab/graphs/2_198.ttl	data/semtab/mappings/3_v10_129.rml
data/semtab/tables/3_v10_131.csv	data/semtab/models/3_v10_131.csv.model.json	data/semtab/graphs/2_198.ttl	data/semtab/mappings/3_v10_131.rml
data/semtab/tables/3_v10_130.csv	data/semtab/models/3_v10_130.csv.model.json	data/semtab/graphs/2_198.ttl	data/semtab/mappings/3_v10_130.rml
data/semtab/tables/3_v10_133.csv	data/semtab/models/3_v10_133.csv.model.json	data/semtab/graphs/2_198.ttl	data/semtab/mappings/3_v10_133.rml
data/semtab/tables/3_v10_132.csv	data/semtab/models/3_v10_132.csv.model.json	data/semtab/graphs/2_198.ttl	data/semtab/mappings/3_v10_132.rml
data/semtab/tables/3_v14_208.csv	data/semtab/models/3_v14_208.csv.model.json	data/semtab/graphs/3_v12_148.ttl	data/semtab/mappings/3_v14_208.rml
data/semtab/tables/3_v10_634.csv	data/semtab/models/3_v10_634.csv.model.json	data/semtab/graphs/3_v12_560.ttl	data/semtab/mappings/3_v10_634.rml
data/semtab/tables/3_v10_633.csv	data/semtab/models/3_v10_633.csv.model.json	data/semtab/graphs/3_v12_560.ttl	data/semtab/mappings/3_v10_633.rml
data/semtab/tables/3_v10_636.csv	data/semtab/models/3_v10_636.csv.model.json	data/semtab/graphs/3_v12_560.ttl	data/semtab/mappings/3_v10_636.rml
data/semtab/tables/3_v10_635.csv	data/semtab/models/3_v10_635.csv.model.json	data/semtab/graphs/3_v12_560.ttl	data/semtab/mappings/3_v10_635.rml
data/semtab/tables/3_v10_630.csv	data/semtab/models/3_v10_630.csv.model.json	data/semtab/graphs/2_1363.ttl	data/semtab/mappings/3_v10_630.rml
data/semtab/tables/3_v10_632.csv	data/semtab/models/3_v10_632.csv.model.json	data/semtab/graphs/3_v12_560.ttl	data/semtab/mappings/3_v10_632.rml
data/semtab/tables/3_v10_631.csv	data/semtab/models/3_v10_631.csv.model.json	data/semtab/graphs/3_v12_560.ttl	data/semtab/mappings/3_v10_631.rml
data/semtab/tables/3_v10_1064.csv	data/semtab/models/3_v10_1064.csv.model.json	data/semtab/graphs/2_111.ttl	data/semtab/mappings/3_v10_1064.rml
data/semtab/tables/3_v10_1069.csv	data/semtab/models/3_v10_1069.csv.model.json	data/semtab/graphs/2_111.ttl	data/semtab/mappings/3_v10_1069.rml
data/semtab/tables/3_v10_1067.csv	data/semtab/models/3_v10_1067.csv.model.json	data/semtab/graphs/2_111.ttl	data/semtab/mappings/3_v10_1067.rml
data/semtab/tables/3_v10_1068.csv	data/semtab/models/3_v10_1068.csv.model.json	data/semtab/graphs/2_111.ttl	data/semtab/mappings/3_v10_1068.rml
data/semtab/tables/3_v10_1065.csv	data/semtab/models/3_v10_1065.csv.model.json	data/semtab/graphs/2_111.ttl	data/semtab/mappings/3_v10_1065.rml
data/semtab/tables/3_v10_1066.csv	data/semtab/models/3_v10_1066.csv.model.json	data/semtab/graphs/2_111.ttl	data/semtab/mappings/3_v10_1066.rml
data/semtab/tables/3_v10_1074.csv	data/semtab/models/3_v10_1074.csv.model.json	data/semtab/graphs/2_111.ttl	data/semtab/mappings/3_v10_1074.rml
data/semtab/tables/3_v10_1072.csv	data/semtab/models/3_v10_1072.csv.model.json	data/semtab/graphs/2_111.ttl	data/semtab/mappings/3_v10_1072.rml
data/semtab/tables/3_v10_1073.csv	data/semtab/models/3_v10_1073.csv.model.json	data/semtab/graphs/2_111.ttl	data/semtab/mappings/3_v10_1073.rml
data/semtab/tables/3_v10_1070.csv	data/semtab/models/3_v10_1070.csv.model.json	data/semtab/graphs/2_111.ttl	data/semtab/mappings/3_v10_1070.rml
data/semtab/tables/3_v10_1071.csv	data/semtab/models/3_v10_1071.csv.model.json	data/semtab/graphs/2_111.ttl	data/semtab/mappings/3_v10_1071.rml
data/semtab/tables/3_v10_1076.csv	data/semtab/models/3_v10_1076.csv.model.json	data/semtab/graphs/2_111.ttl	data/semtab/mappings/3_v10_1076.rml
data/semtab/tables/3_v10_1097.csv	data/semtab/models/3_v10_1097.csv.model.json	data/semtab/graphs/2_1657.ttl	data/semtab/mappings/3_v10_1097.rml
data/semtab/tables/3_v10_1098.csv	data/semtab/models/3_v10_1098.csv.model.json	data/semtab/graphs/2_1657.ttl	data/semtab/mappings/3_v10_1098.rml
data/semtab/tables/3_v10_646.csv	data/semtab/models/3_v10_646.csv.model.json	data/semtab/graphs/2_689.ttl	data/semtab/mappings/3_v10_646.rml
data/semtab/tables/3_v10_1559.csv	data/semtab/models/3_v10_1559.csv.model.json	data/semtab/graphs/2_617.ttl	data/semtab/mappings/3_v10_1559.rml
data/semtab/tables/3_v10_1557.csv	data/semtab/models/3_v10_1557.csv.model.json	data/semtab/graphs/2_617.ttl	data/semtab/mappings/3_v10_1557.rml
data/semtab/tables/3_v10_1558.csv	data/semtab/models/3_v10_1558.csv.model.json	data/semtab/graphs/2_617.ttl	data/semtab/mappings/3_v10_1558.rml
data/semtab/tables/3_v10_1555.csv	data/semtab/models/3_v10_1555.csv.model.json	data/semtab/graphs/2_617.ttl	data/semtab/mappings/3_v10_1555.rml
data/semtab/tables/3_v10_1556.csv	data/semtab/models/3_v10_1556.csv.model.json	data/semtab/graphs/2_617.ttl	data/semtab/mappings/3_v10_1556.rml
data/semtab/tables/3_v10_1554.csv	data/semtab/models/3_v10_1554.csv.model.json	data/semtab/graphs/2_617.ttl	data/semtab/mappings/3_v10_1554.rml
data/semtab/tables/3_v11_6.csv	data/semtab/models/3_v11_6.csv.model.json	data/semtab/graphs/4_v15_3.ttl	data/semtab/mappings/3_v11_6.rml
data/semtab/tables/3_v10_1560.csv	data/semtab/models/3_v10_1560.csv.model.json	data/semtab/graphs/2_617.ttl	data/semtab/mappings/3_v10_1560.rml
data/semtab/tables/3_v10_72.csv	data/semtab/models/3_v10_72.csv.model.json	data/semtab/graphs/2_995.ttl	data/semtab/mappings/3_v10_72.rml
data/semtab/tables/3_v10_758.csv	data/semtab/models/3_v10_758.csv.model.json	data/semtab/graphs/2_871.ttl	data/semtab/mappings/3_v10_758.rml
data/semtab/tables/3_v10_711.csv	data/semtab/models/3_v10_711.csv.model.json	data/semtab/graphs/2_795.ttl	data/semtab/mappings/3_v10_711.rml
data/semtab/tables/3_v14_63.csv	data/semtab/models/3_v14_63.csv.model.json	data/semtab/graphs/3_v11_56.ttl	data/semtab/mappings/3_v14_63.rml
data/semtab/tables/3_v14_62.csv	data/semtab/models/3_v14_62.csv.model.json	data/semtab/graphs/3_v11_56.ttl	data/semtab/mappings/3_v14_62.rml
data/semtab/tables/3_v14_61.csv	data/semtab/models/3_v14_61.csv.model.json	data/semtab/graphs/3_v11_56.ttl	data/semtab/mappings/3_v14_61.rml
data/semtab/tables/3_v14_60.csv	data/semtab/models/3_v14_60.csv.model.json	data/semtab/graphs/3_v11_56.ttl	data/semtab/mappings/3_v14_60.rml
data/semtab/tables/3_v10_1229.csv	data/semtab/models/3_v10_1229.csv.model.json	data/semtab/graphs/2_1227.ttl	data/semtab/mappings/3_v10_1229.rml
data/semtab/tables/3_v10_1227.csv	data/semtab/models/3_v10_1227.csv.model.json	data/semtab/graphs/2_1227.ttl	data/semtab/mappings/3_v10_1227.rml
data/semtab/tables/3_v10_1228.csv	data/semtab/models/3_v10_1228.csv.model.json	data/semtab/graphs/2_1227.ttl	data/semtab/mappings/3_v10_1228.rml
data/semtab/tables/3_v10_1225.csv	data/semtab/models/3_v10_1225.csv.model.json	data/semtab/graphs/2_1227.ttl	data/semtab/mappings/3_v10_1225.rml
data/semtab/tables/3_v10_1226.csv	data/semtab/models/3_v10_1226.csv.model.json	data/semtab/graphs/2_1227.ttl	data/semtab/mappings/3_v10_1226.rml
data/semtab/tables/3_v10_1224.csv	data/semtab/models/3_v10_1224.csv.model.json	data/semtab/graphs/2_1227.ttl	data/semtab/mappings/3_v10_1224.rml
data/semtab/tables/3_v10_1230.csv	data/semtab/models/3_v10_1230.csv.model.json	data/semtab/graphs/2_1227.ttl	data/semtab/mappings/3_v10_1230.rml
data/semtab/tables/3_v10_3.csv	data/semtab/models/3_v10_3.csv.model.json	data/semtab/graphs/3_v10_751.ttl	data/semtab/mappings/3_v10_3.rml
data/semtab/tables/3_v10_1669.csv	data/semtab/models/3_v10_1669.csv.model.json	data/semtab/graphs/2_1227.ttl	data/semtab/mappings/3_v10_1669.rml
data/semtab/tables/3_v10_1668.csv	data/semtab/models/3_v10_1668.csv.model.json	data/semtab/graphs/2_1227.ttl	data/semtab/mappings/3_v10_1668.rml
data/semtab/tables/3_v10_1672.csv	data/semtab/models/3_v10_1672.csv.model.json	data/semtab/graphs/2_1227.ttl	data/semtab/mappings/3_v10_1672.rml
data/semtab/tables/3_v10_1673.csv	data/semtab/models/3_v10_1673.csv.model.json	data/semtab/graphs/2_1227.ttl	data/semtab/mappings/3_v10_1673.rml
data/semtab/tables/3_v10_1670.csv	data/semtab/models/3_v10_1670.csv.model.json	data/semtab/graphs/2_1227.ttl	data/semtab/mappings/3_v10_1670.rml
data/semtab/tables/3_v10_1671.csv	data/semtab/models/3_v10_1671.csv.model.json	data/semtab/graphs/2_1227.ttl	data/semtab/mappings/3_v10_1671.rml
data/semtab/tables/3_v10_852.csv	data/semtab/models/3_v10_852.csv.model.json	data/semtab/graphs/2_928.ttl	data/semtab/mappings/3_v10_852.rml
data/semtab/tables/3_v10_866.csv	data/semtab/models/3_v10_866.csv.model.json	data/semtab/graphs/2_952.ttl	data/semtab/mappings/3_v10_866.rml
data/semtab/tables/3_v10_876.csv	data/semtab/models/3_v10_876.csv.model.json	data/semtab/graphs/2_967.ttl	data/semtab/mappings/3_v10_876.rml
data/semtab/tables/3_v10_877.csv	data/semtab/models/3_v10_877.csv.model.json	data/semtab/graphs/2_967.ttl	data/semtab/mappings/3_v10_877.rml
data/semtab/tables/3_v10_1728.csv	data/semtab/models/3_v10_1728.csv.model.json	data/semtab/graphs/2_1394.ttl	data/semtab/mappings/3_v10_1728.rml
data/semtab/tables/3_v10_1729.csv	data/semtab/models/3_v10_1729.csv.model.json	data/semtab/graphs/2_1394.ttl	data/semtab/mappings/3_v10_1729.rml
data/semtab/tables/3_v10_1727.csv	data/semtab/models/3_v10_1727.csv.model.json	data/semtab/graphs/2_1394.ttl	data/semtab/mappings/3_v10_1727.rml
data/semtab/tables/3_v10_1737.csv	data/semtab/models/3_v10_1737.csv.model.json	data/semtab/graphs/2_1394.ttl	data/semtab/mappings/3_v10_1737.rml
data/semtab/tables/3_v10_1738.csv	data/semtab/models/3_v10_1738.csv.model.json	data/semtab/graphs/2_1394.ttl	data/semtab/mappings/3_v10_1738.rml
data/semtab/tables/3_v10_1735.csv	data/semtab/models/3_v10_1735.csv.model.json	data/semtab/graphs/2_1394.ttl	data/semtab/mappings/3_v10_1735.rml
data/semtab/tables/3_v10_1736.csv	data/semtab/models/3_v10_1736.csv.model.json	data/semtab/graphs/2_1394.ttl	data/semtab/mappings/3_v10_1736.rml
data/semtab/tables/3_v10_1733.csv	data/semtab/models/3_v10_1733.csv.model.json	data/semtab/graphs/2_1394.ttl	data/semtab/mappings/3_v10_1733.rml
data/semtab/tables/3_v10_1734.csv	data/semtab/models/3_v10_1734.csv.model.json	data/semtab/graphs/2_1394.ttl	data/semtab/mappings/3_v10_1734.rml
data/semtab/tables/3_v10_1731.csv	data/semtab/models/3_v10_1731.csv.model.json	data/semtab/graphs/2_1394.ttl	data/semtab/mappings/3_v10_1731.rml
data/semtab/tables/3_v10_1732.csv	data/semtab/models/3_v10_1732.csv.model.json	data/semtab/graphs/2_1394.ttl	data/semtab/mappings/3_v10_1732.rml
data/semtab/tables/3_v10_1730.csv	data/semtab/models/3_v10_1730.csv.model.json	data/semtab/graphs/2_1394.ttl	data/semtab/mappings/3_v10_1730.rml
data/semtab/tables/3_v13_63.csv	data/semtab/models/3_v13_63.csv.model.json	data/semtab/graphs/4_v17_58.ttl	data/semtab/mappings/3_v13_63.rml
data/semtab/tables/3_v13_61.csv	data/semtab/models/3_v13_61.csv.model.json	data/semtab/graphs/4_v17_58.ttl	data/semtab/mappings/3_v13_61.rml
data/semtab/tables/3_v10_475.csv	data/semtab/models/3_v10_475.csv.model.json	data/semtab/graphs/2_1143.ttl	data/semtab/mappings/3_v10_475.rml
data/semtab/tables/3_v13_62.csv	data/semtab/models/3_v13_62.csv.model.json	data/semtab/graphs/4_v17_58.ttl	data/semtab/mappings/3_v13_62.rml
data/semtab/tables/3_v10_472.csv	data/semtab/models/3_v10_472.csv.model.json	data/semtab/graphs/2_1143.ttl	data/semtab/mappings/3_v10_472.rml
data/semtab/tables/3_v10_474.csv	data/semtab/models/3_v10_474.csv.model.json	data/semtab/graphs/2_1143.ttl	data/semtab/mappings/3_v10_474.rml
data/semtab/tables/3_v10_473.csv	data/semtab/models/3_v10_473.csv.model.json	data/semtab/graphs/2_1143.ttl	data/semtab/mappings/3_v10_473.rml
data/semtab/tables/4_v15_78.csv	data/semtab/models/4_v15_78.csv.model.json	data/semtab/graphs/2_118.ttl	data/semtab/mappings/4_v15_78.rml
data/semtab/tables/4_v17_49.csv	data/semtab/models/4_v17_49.csv.model.json	data/semtab/graphs/3_v12_33.ttl	data/semtab/mappings/4_v17_49.rml
data/semtab/tables/4_v17_48.csv	data/semtab/models/4_v17_48.csv.model.json	data/semtab/graphs/3_v12_33.ttl	data/semtab/mappings/4_v17_48.rml
data/semtab/tables/4_v17_63.csv	data/semtab/models/4_v17_63.csv.model.json	data/semtab/graphs/3_v12_42.ttl	data/semtab/mappings/4_v17_63.rml
data/semtab/tables/4_v17_64.csv	data/semtab/models/4_v17_64.csv.model.json	data/semtab/graphs/3_v12_42.ttl	data/semtab/mappings/4_v17_64.rml
data/semtab/tables/4_v16_199.csv	data/semtab/models/4_v16_199.csv.model.json	data/semtab/graphs/2_216.ttl	data/semtab/mappings/4_v16_199.rml
data/semtab/tables/4_v17_172.csv	data/semtab/models/4_v17_172.csv.model.json	data/semtab/graphs/2_216.ttl	data/semtab/mappings/4_v17_172.rml
data/semtab/tables/4_v16_371.csv	data/semtab/models/4_v16_371.csv.model.json	data/semtab/graphs/4_v16_595.ttl	data/semtab/mappings/4_v16_371.rml
data/semtab/tables/4_v16_372.csv	data/semtab/models/4_v16_372.csv.model.json	data/semtab/graphs/4_v16_595.ttl	data/semtab/mappings/4_v16_372.rml
data/semtab/tables/4_v16_374.csv	data/semtab/models/4_v16_374.csv.model.json	data/semtab/graphs/4_v16_595.ttl	data/semtab/mappings/4_v16_374.rml
data/semtab/tables/4_v16_379.csv	data/semtab/models/4_v16_379.csv.model.json	data/semtab/graphs/4_v16_595.ttl	data/semtab/mappings/4_v16_379.rml
data/semtab/tables/4_v18_615.csv	data/semtab/models/4_v18_615.csv.model.json	data/semtab/graphs/3_v12_560.ttl	data/semtab/mappings/4_v18_615.rml
data/semtab/tables/4_v18_614.csv	data/semtab/models/4_v18_614.csv.model.json	data/semtab/graphs/3_v12_560.ttl	data/semtab/mappings/4_v18_614.rml
data/semtab/tables/4_v18_613.csv	data/semtab/models/4_v18_613.csv.model.json	data/semtab/graphs/3_v12_560.ttl	data/semtab/mappings/4_v18_613.rml
data/semtab/tables/4_v16_630.csv	data/semtab/models/4_v16_630.csv.model.json	data/semtab/graphs/4_v15_542.ttl	data/semtab/mappings/4_v16_630.rml
data/semtab/tables/4_v16_621.csv	data/semtab/models/4_v16_621.csv.model.json	data/semtab/graphs/4_v15_542.ttl	data/semtab/mappings/4_v16_621.rml
data/semtab/tables/4_v16_620.csv	data/semtab/models/4_v16_620.csv.model.json	data/semtab/graphs/4_v15_542.ttl	data/semtab/mappings/4_v16_620.rml
data/semtab/tables/4_v16_623.csv	data/semtab/models/4_v16_623.csv.model.json	data/semtab/graphs/4_v15_542.ttl	data/semtab/mappings/4_v16_623.rml
data/semtab/tables/4_v16_628.csv	data/semtab/models/4_v16_628.csv.model.json	data/semtab/graphs/4_v15_542.ttl	data/semtab/mappings/4_v16_628.rml
data/semtab/tables/4_v15_808.csv	data/semtab/models/4_v15_808.csv.model.json	data/semtab/graphs/2_928.ttl	data/semtab/mappings/4_v15_808.rml
data/semtab/tables/4_v15_809.csv	data/semtab/models/4_v15_809.csv.model.json	data/semtab/graphs/2_928.ttl	data/semtab/mappings/4_v15_809.rml
data/semtab/tables/4_v16_616.csv	data/semtab/models/4_v16_616.csv.model.json	data/semtab/graphs/4_v15_542.ttl	data/semtab/mappings/4_v16_616.rml
data/semtab/tables/4_v16_619.csv	data/semtab/models/4_v16_619.csv.model.json	data/semtab/graphs/4_v15_542.ttl	data/semtab/mappings/4_v16_619.rml
data/semtab/tables/4_v15_810.csv	data/semtab/models/4_v15_810.csv.model.json	data/semtab/graphs/2_928.ttl	data/semtab/mappings/4_v15_810.rml
data/semtab/tables/4_v16_843.csv	data/semtab/models/4_v16_843.csv.model.json	data/semtab/graphs/2_928.ttl	data/semtab/mappings/4_v16_843.rml
data/semtab/tables/4_v17_620.csv	data/semtab/models/4_v17_620.csv.model.json	data/semtab/graphs/3_v12_560.ttl	data/semtab/mappings/4_v17_620.rml
data/semtab/tables/4_v17_619.csv	data/semtab/models/4_v17_619.csv.model.json	data/semtab/graphs/3_v12_560.ttl	data/semtab/mappings/4_v17_619.rml
data/semtab/tables/4_v17_618.csv	data/semtab/models/4_v17_618.csv.model.json	data/semtab/graphs/3_v12_560.ttl	data/semtab/mappings/4_v17_618.rml
data/semtab/tables/4_v16_48.csv	data/semtab/models/4_v16_48.csv.model.json	data/semtab/graphs/3_v12_33.ttl	data/semtab/mappings/4_v16_48.rml
data/semtab/tables/4_v16_49.csv	data/semtab/models/4_v16_49.csv.model.json	data/semtab/graphs/3_v12_33.ttl	data/semtab/mappings/4_v16_49.rml
data/semtab/tables/4_v16_50.csv	data/semtab/models/4_v16_50.csv.model.json	data/semtab/graphs/3_v12_33.ttl	data/semtab/mappings/4_v16_50.rml
data/semtab/tables/4_v16_62.csv	data/semtab/models/4_v16_62.csv.model.json	data/semtab/graphs/3_v12_40.ttl	data/semtab/mappings/4_v16_62.rml
data/semtab/tables/4_v17_490.csv	data/semtab/models/4_v17_490.csv.model.json	data/semtab/graphs/3_v10_534.ttl	data/semtab/mappings/4_v17_490.rml
data/semtab/tables/4_v16_63.csv	data/semtab/models/4_v16_63.csv.model.json	data/semtab/graphs/3_v12_40.ttl	data/semtab/mappings/4_v16_63.rml
data/semtab/tables/4_v16_64.csv	data/semtab/models/4_v16_64.csv.model.json	data/semtab/graphs/3_v12_40.ttl	data/semtab/mappings/4_v16_64.rml
data/semtab/tables/4_v16_51.csv	data/semtab/models/4_v16_51.csv.model.json	data/semtab/graphs/3_v12_33.ttl	data/semtab/mappings/4_v16_51.rml
data/semtab/tables/4_v16_52.csv	data/semtab/models/4_v16_52.csv.model.json	data/semtab/graphs/2_38.ttl	data/semtab/mappings/4_v16_52.rml
data/semtab/tables/4_v16_53.csv	data/semtab/models/4_v16_53.csv.model.json	data/semtab/graphs/3_v12_42.ttl	data/semtab/mappings/4_v16_53.rml
data/semtab/tables/4_v16_54.csv	data/semtab/models/4_v16_54.csv.model.json	data/semtab/graphs/3_v12_42.ttl	data/semtab/mappings/4_v16_54.rml
data/semtab/tables/4_v16_56.csv	data/semtab/models/4_v16_56.csv.model.json	data/semtab/graphs/3_v12_42.ttl	data/semtab/mappings/4_v16_56.rml
data/semtab/tables/4_v16_200.csv	data/semtab/models/4_v16_200.csv.model.json	data/semtab/graphs/2_216.ttl	data/semtab/mappings/4_v16_200.rml
data/semtab/tables/4_v17_489.csv	data/semtab/models/4_v17_489.csv.model.json	data/semtab/graphs/3_v10_534.ttl	data/semtab/mappings/4_v17_489.rml
data/semtab/tables/4_v15_635.csv	data/semtab/models/4_v15_635.csv.model.json	data/semtab/graphs/3_v12_560.ttl	data/semtab/mappings/4_v15_635.rml
data/semtab/tables/4_v15_634.csv	data/semtab/models/4_v15_634.csv.model.json	data/semtab/graphs/3_v12_560.ttl	data/semtab/mappings/4_v15_634.rml
data/semtab/tables/4_v17_463.csv	data/semtab/models/4_v17_463.csv.model.json	data/semtab/graphs/2_356.ttl	data/semtab/mappings/4_v17_463.rml
data/semtab/tables/4_v15_633.csv	data/semtab/models/4_v15_633.csv.model.json	data/semtab/graphs/2_1363.ttl	data/semtab/mappings/4_v15_633.rml
data/semtab/tables/4_v15_632.csv	data/semtab/models/4_v15_632.csv.model.json	data/semtab/graphs/2_1363.ttl	data/semtab/mappings/4_v15_632.rml
data/semtab/tables/4_v15_639.csv	data/semtab/models/4_v15_639.csv.model.json	data/semtab/graphs/3_v12_560.ttl	data/semtab/mappings/4_v15_639.rml
data/semtab/tables/4_v15_638.csv	data/semtab/models/4_v15_638.csv.model.json	data/semtab/graphs/3_v12_560.ttl	data/semtab/mappings/4_v15_638.rml
data/semtab/tables/4_v15_637.csv	data/semtab/models/4_v15_637.csv.model.json	data/semtab/graphs/3_v12_560.ttl	data/semtab/mappings/4_v15_637.rml
data/semtab/tables/4_v15_636.csv	data/semtab/models/4_v15_636.csv.model.json	data/semtab/graphs/3_v12_560.ttl	data/semtab/mappings/4_v15_636.rml
data/semtab/tables/4_v16_661.csv	data/semtab/models/4_v16_661.csv.model.json	data/semtab/graphs/2_1363.ttl	data/semtab/mappings/4_v16_661.rml
data/semtab/tables/4_v16_660.csv	data/semtab/models/4_v16_660.csv.model.json	data/semtab/graphs/2_1363.ttl	data/semtab/mappings/4_v16_660.rml
data/semtab/tables/4_v15_631.csv	data/semtab/models/4_v15_631.csv.model.json	data/semtab/graphs/2_1363.ttl	data/semtab/mappings/4_v15_631.rml
data/semtab/tables/4_v15_849.csv	data/semtab/models/4_v15_849.csv.model.json	data/semtab/graphs/3_v10_883.ttl	data/semtab/mappings/4_v15_849.rml
data/semtab/tables/4_v16_652.csv	data/semtab/models/4_v16_652.csv.model.json	data/semtab/graphs/3_v12_560.ttl	data/semtab/mappings/4_v16_652.rml
data/semtab/tables/4_v16_651.csv	data/semtab/models/4_v16_651.csv.model.json	data/semtab/graphs/3_v12_560.ttl	data/semtab/mappings/4_v16_651.rml
data/semtab/tables/4_v16_654.csv	data/semtab/models/4_v16_654.csv.model.json	data/semtab/graphs/3_v12_560.ttl	data/semtab/mappings/4_v16_654.rml
data/semtab/tables/4_v16_653.csv	data/semtab/models/4_v16_653.csv.model.json	data/semtab/graphs/3_v12_560.ttl	data/semtab/mappings/4_v16_653.rml
data/semtab/tables/4_v16_656.csv	data/semtab/models/4_v16_656.csv.model.json	data/semtab/graphs/3_v12_560.ttl	data/semtab/mappings/4_v16_656.rml
data/semtab/tables/4_v16_655.csv	data/semtab/models/4_v16_655.csv.model.json	data/semtab/graphs/3_v12_560.ttl	data/semtab/mappings/4_v16_655.rml
data/semtab/tables/4_v16_658.csv	data/semtab/models/4_v16_658.csv.model.json	data/semtab/graphs/3_v12_560.ttl	data/semtab/mappings/4_v16_658.rml
data/semtab/tables/4_v16_657.csv	data/semtab/models/4_v16_657.csv.model.json	data/semtab/graphs/3_v12_560.ttl	data/semtab/mappings/4_v16_657.rml
data/semtab/tables/4_v16_659.csv	data/semtab/models/4_v16_659.csv.model.json	data/semtab/graphs/3_v12_560.ttl	data/semtab/mappings/4_v16_659.rml
data/semtab/tables/4_v15_851.csv	data/semtab/models/4_v15_851.csv.model.json	data/semtab/graphs/3_v10_883.ttl	data/semtab/mappings/4_v15_851.rml
data/semtab/tables/4_v15_237.csv	data/semtab/models/4_v15_237.csv.model.json	data/semtab/graphs/3_v12_252.ttl	data/semtab/mappings/4_v15_237.rml
data/semtab/tables/4_v15_685.csv	data/semtab/models/4_v15_685.csv.model.json	data/semtab/graphs/3_v12_584.ttl	data/semtab/mappings/4_v15_685.rml
data/semtab/tables/4_v17_920.csv	data/semtab/models/4_v17_920.csv.model.json	data/semtab/graphs/3_v10_883.ttl	data/semtab/mappings/4_v17_920.rml
